sample_id,position,label
NA19922,16052167,YRI
NA19922,16053659,YRI
NA19922,16053791,YRI
NA19922,16054740,YRI
NA19922,16055942,YRI
NA19922,16058766,YRI
NA19922,16058767,YRI
NA19922,16058883,YRI
NA19922,16060513,YRI
NA19922,16060515,YRI
NA19922,16060517,YRI
NA19922,16060567,YRI
NA19922,16060797,YRI
NA19922,16061016,YRI
NA19922,16061992,YRI
NA19922,16063154,YRI
NA19922,16064992,YRI
NA19922,16067208,YRI
NA19922,16067462,YRI
NA19922,16067500,YRI
NA19922,16067693,YRI
NA19922,16067719,YRI
NA19922,16069141,YRI
NA19922,16069707,YRI
NA19922,16069771,YRI
NA19922,16069783,YRI
NA19922,16070517,YRI
NA19922,16071624,YRI
NA19922,16072581,YRI
NA19922,16074105,YRI
NA19922,16080694,YRI
NA19922,16085591,YRI
NA19922,16105128,YRI
NA19922,16106333,YRI
NA19922,16113892,YRI
NA19922,16115374,YRI
NA19922,16122005,YRI
NA19922,16123252,YRI
NA19922,16123469,YRI
NA19922,16123812,YRI
NA19922,16123813,YRI
NA19922,16136566,YRI
NA19922,16139153,YRI
NA19922,16140792,YRI
NA19922,16144238,YRI
NA19922,16145649,YRI
NA19922,16147892,YRI
NA19922,16149743,YRI
NA19922,16150589,YRI
NA19922,16152606,YRI
NA19922,16154477,YRI
NA19922,16154873,YRI
NA19922,16155223,YRI
NA19922,16155259,YRI
NA19922,16157622,YRI
NA19922,16159060,YRI
NA19922,16163115,YRI
NA19922,16168542,YRI
NA19922,16168653,YRI
NA19922,16168865,YRI
NA19922,16168874,YRI
NA19922,16176926,YRI
NA19922,16177740,YRI
NA19922,16185876,YRI
NA19922,16194707,YRI
NA19922,16201114,YRI
NA19922,16202170,YRI
NA19922,16208767,YRI
NA19922,16208885,YRI
NA19922,16211244,YRI
NA19922,16211246,YRI
NA19922,16212250,YRI
NA19922,16212410,YRI
NA19922,16212732,YRI
NA19922,16215888,YRI
NA19922,16218389,YRI
NA19922,16219267,YRI
NA19922,16219643,YRI
NA19922,16219898,YRI
NA19922,16225508,YRI
NA19922,16228619,YRI
NA19922,16228759,YRI
NA19922,16229148,YRI
NA19922,16231371,YRI
NA19922,16231930,YRI
NA19922,16235732,YRI
NA19922,16240357,YRI
NA19922,16240905,YRI
NA19922,16241858,YRI
NA19922,16241887,YRI
NA19922,16242273,YRI
NA19922,16242601,YRI
NA19922,16242751,YRI
NA19922,16245839,YRI
NA19922,16246005,YRI
NA19922,16248430,YRI
NA19922,16252197,YRI
NA19922,16252281,YRI
NA19922,16252413,YRI
NA19922,16252532,YRI
NA19922,16252594,YRI
NA19922,16252726,YRI
NA19922,16255517,YRI
NA19922,16255645,YRI
NA19922,16255710,YRI
NA19922,16255935,YRI
NA19922,16257707,YRI
NA19922,16260678,YRI
NA19922,16264717,YRI
NA19922,16265075,YRI
NA19922,16267558,YRI
NA19922,16269466,YRI
NA19922,16269779,YRI
NA19922,16269827,YRI
NA19922,16269829,YRI
NA19922,16271182,YRI
NA19922,16274073,YRI
NA19922,16274480,YRI
NA19922,16277622,YRI
NA19922,16277634,YRI
NA19922,16278260,YRI
NA19922,16279068,YRI
NA19922,16279319,YRI
NA19922,16281148,YRI
NA19922,16281943,YRI
NA19922,16283300,YRI
NA19922,16285350,YRI
NA19922,16285954,YRI
NA19922,16286465,YRI
NA19922,16286468,YRI
NA19922,16287155,YRI
NA19922,16288075,YRI
NA19922,16288739,YRI
NA19922,16288742,YRI
NA19922,16289275,YRI
NA19922,16289673,YRI
NA19922,16290704,YRI
NA19922,16297012,YRI
NA19922,16297800,YRI
NA19922,16302297,YRI
NA19922,16302641,YRI
NA19922,16305466,YRI
NA19922,16305499,YRI
NA19922,16309704,YRI
NA19922,16309752,YRI
NA19922,16314967,YRI
NA19922,16319620,YRI
NA19922,16319835,YRI
NA19922,16320336,YRI
NA19922,16320341,YRI
NA19922,16320344,YRI
NA19922,16340551,YRI
NA19922,16341116,YRI
NA19922,16341494,YRI
NA19922,16341685,YRI
NA19922,16341826,YRI
NA19922,16344345,YRI
NA19922,16352391,YRI
NA19922,16352455,YRI
NA19922,16357433,YRI
NA19922,16357846,YRI
NA19922,16359545,YRI
NA19922,16360162,YRI
NA19922,16364923,YRI
NA19922,16365289,YRI
NA19922,16366264,YRI
NA19922,16366285,YRI
NA19922,16367079,YRI
NA19922,16367258,YRI
NA19922,16368614,YRI
NA19922,16369010,YRI
NA19922,16372719,YRI
NA19922,16373581,YRI
NA19922,16375761,YRI
NA19922,16384531,YRI
NA19922,16384557,YRI
NA19922,16388301,YRI
NA19922,16393311,YRI
NA19922,16393312,YRI
NA19922,16396276,YRI
NA19922,16399159,YRI
NA19922,16399162,YRI
NA19922,16399495,YRI
NA19922,16399595,YRI
NA19922,16400397,YRI
NA19922,16400487,YRI
NA19922,16402296,YRI
NA19922,16404002,YRI
NA19922,16404003,YRI
NA19922,16404838,YRI
NA19922,16407120,YRI
NA19922,16407329,YRI
NA19922,16409097,YRI
NA19922,16409312,YRI
NA19922,16409671,YRI
NA19922,16412969,YRI
NA19922,16413241,YRI
NA19922,16414678,YRI
NA19922,16414787,YRI
NA19922,16415662,YRI
NA19922,16415815,YRI
NA19922,16419618,YRI
NA19922,16423527,YRI
NA19922,16425814,YRI
NA19922,16428299,YRI
NA19922,16428507,YRI
NA19922,16429472,YRI
NA19922,16432905,YRI
NA19922,16434935,YRI
NA19922,16438164,YRI
NA19922,16439926,YRI
NA19922,16440561,YRI
NA19922,16442964,YRI
NA19922,16442974,YRI
NA19922,16445153,YRI
NA19922,16447985,YRI
NA19922,16448899,YRI
NA19922,16449050,YRI
NA19922,16451245,YRI
NA19922,16459587,YRI
NA19922,16460869,YRI
NA19922,16462467,YRI
NA19922,16463039,YRI
NA19922,16464422,YRI
NA19922,16464716,YRI
NA19922,16471042,YRI
NA19922,16471151,YRI
NA19922,16471461,YRI
NA19922,16472000,YRI
NA19922,16473813,YRI
NA19922,16474550,YRI
NA19922,16477171,YRI
NA19922,16477393,YRI
NA19922,16477443,YRI
NA19922,16477881,YRI
NA19922,16478236,YRI
NA19922,16480424,YRI
NA19922,16482550,YRI
NA19922,16483979,YRI
NA19922,16485091,YRI
NA19922,16485891,YRI
NA19922,16486018,YRI
NA19922,16487825,YRI
NA19922,16488637,YRI
NA19922,16488814,YRI
NA19922,16489239,YRI
NA19922,16489705,YRI
NA19922,16489959,YRI
NA19922,16490252,YRI
NA19922,16490618,YRI
NA19922,16491206,YRI
NA19922,16492204,YRI
NA19922,16496595,YRI
NA19922,16498387,YRI
NA19922,16498643,YRI
NA19922,16499220,YRI
NA19922,16501803,YRI
NA19922,16502808,YRI
NA19922,16504399,YRI
NA19922,16504491,YRI
NA19922,16504500,YRI
NA19922,16509047,YRI
NA19922,16511719,YRI
NA19922,16512007,YRI
NA19922,16512519,YRI
NA19922,16512564,YRI
NA19922,16514160,YRI
NA19922,16514951,YRI
NA19922,16515973,YRI
NA19922,16517477,YRI
NA19922,16518157,YRI
NA19922,16518451,YRI
NA19922,16520268,YRI
NA19922,16522386,YRI
NA19922,16522817,YRI
NA19922,16523730,YRI
NA19922,16523848,YRI
NA19922,16525590,YRI
NA19922,16526383,YRI
NA19922,16526485,YRI
NA19922,16528060,YRI
NA19922,16528441,YRI
NA19922,16528995,YRI
NA19922,16530228,YRI
NA19922,16531941,YRI
NA19922,16532046,YRI
NA19922,16533604,YRI
NA19922,16537357,YRI
NA19922,16538427,YRI
NA19922,16540702,YRI
NA19922,16541963,YRI
NA19922,16541972,YRI
NA19922,16542224,YRI
NA19922,16542692,YRI
NA19922,16544863,YRI
NA19922,16546581,YRI
NA19922,16546880,YRI
NA19922,16547278,YRI
NA19922,16548755,YRI
NA19922,16550811,YRI
NA19922,16551355,YRI
NA19922,16552793,YRI
NA19922,16553221,YRI
NA19922,16556883,YRI
NA19922,16557172,YRI
NA19922,16557757,YRI
NA19922,16560103,YRI
NA19922,16560113,YRI
NA19922,16560118,YRI
NA19922,16562954,YRI
NA19922,16564036,YRI
NA19922,16565478,YRI
NA19922,16565610,YRI
NA19922,16566779,YRI
NA19922,16567449,YRI
NA19922,16567802,YRI
NA19922,16569712,YRI
NA19922,16570734,YRI
NA19922,16571243,YRI
NA19922,16573733,YRI
NA19922,16575221,YRI
NA19922,16575576,YRI
NA19922,16577075,YRI
NA19922,16578265,YRI
NA19922,16580254,YRI
NA19922,16581158,YRI
NA19922,16586715,YRI
NA19922,16588095,YRI
NA19922,16588968,YRI
NA19922,16589430,YRI
NA19922,16590351,YRI
NA19922,16590657,YRI
NA19922,16591627,YRI
NA19922,16592721,YRI
NA19922,16597156,YRI
NA19922,16597928,YRI
NA19922,16598482,YRI
NA19922,16599136,YRI
NA19922,16600763,YRI
NA19922,16600783,YRI
NA19922,16600923,YRI
NA19922,16601556,YRI
NA19922,16601574,YRI
NA19922,16606329,YRI
NA19922,16607993,YRI
NA19922,16607994,YRI
NA19922,16609466,YRI
NA19922,16609600,YRI
NA19922,16610844,YRI
NA19922,16612141,YRI
NA19922,16612757,YRI
NA19922,16614145,YRI
NA19922,16617627,YRI
NA19922,16620667,YRI
NA19922,16620701,YRI
NA19922,16623273,YRI
NA19922,16624210,YRI
NA19922,16624702,YRI
NA19922,16624726,YRI
NA19922,16626327,YRI
NA19922,16626474,YRI
NA19922,16626992,YRI
NA19922,16628321,YRI
NA19922,16629378,YRI
NA19922,16631921,YRI
NA19922,16632403,YRI
NA19922,16632632,YRI
NA19922,16632893,YRI
NA19922,16632974,YRI
NA19922,16634706,YRI
NA19922,16635569,YRI
NA19922,16635765,YRI
NA19922,16636057,YRI
NA19922,16636560,YRI
NA19922,16636563,YRI
NA19922,16636637,YRI
NA19922,16637483,YRI
NA19922,16643385,YRI
NA19922,16643454,YRI
NA19922,16644797,YRI
NA19922,16645294,YRI
NA19922,16646091,YRI
NA19922,16646656,YRI
NA19922,16647426,YRI
NA19922,16647946,YRI
NA19922,16648273,YRI
NA19922,16648278,YRI
NA19922,16652333,YRI
NA19922,16655918,YRI
NA19922,16656792,YRI
NA19922,16657810,YRI
NA19922,16658046,YRI
NA19922,16658056,YRI
NA19922,16658105,YRI
NA19922,16661566,YRI
NA19922,16661725,YRI
NA19922,16661781,YRI
NA19922,16661786,YRI
NA19922,16662049,YRI
NA19922,16662219,YRI
NA19922,16663648,YRI
NA19922,16666750,YRI
NA19922,16667546,YRI
NA19922,16676255,YRI
NA19922,16683487,YRI
NA19922,16684239,YRI
NA19922,16684358,YRI
NA19922,16687386,YRI
NA19922,16687476,YRI
NA19922,16693184,YRI
NA19922,16693423,YRI
NA19922,16693647,YRI
NA19922,16694137,YRI
NA19922,16695829,YRI
NA19922,16695882,YRI
NA19922,16696307,YRI
NA19922,16696590,YRI
NA19922,16696591,YRI
NA19922,16696637,YRI
NA19922,16847963,YRI
NA19922,16848015,YRI
NA19922,16848165,YRI
NA19922,16848337,YRI
NA19922,16848470,YRI
NA19922,16848493,YRI
NA19922,16848520,YRI
NA19922,16848573,YRI
NA19922,16849030,YRI
NA19922,16849105,YRI
NA19922,16849535,YRI
NA19922,16849573,YRI
NA19922,16849681,YRI
NA19922,16849725,YRI
NA19922,16849843,YRI
NA19922,16849871,YRI
NA19922,16849933,YRI
NA19922,16849941,YRI
NA19922,16849971,YRI
NA19922,16850089,YRI
NA19922,16850115,YRI
NA19922,16850164,YRI
NA19922,16850281,YRI
NA19922,16850297,YRI
NA19922,16850437,YRI
NA19922,16850463,YRI
NA19922,16850671,YRI
NA19922,16850676,YRI
NA19922,16850744,YRI
NA19922,16851053,YRI
NA19922,16851079,YRI
NA19922,16851081,YRI
NA19922,16851088,YRI
NA19922,16851108,YRI
NA19922,16851125,YRI
NA19922,16851141,YRI
NA19922,16851225,YRI
NA19922,16851356,YRI
NA19922,16851489,YRI
NA19922,16851640,YRI
NA19922,16851673,YRI
NA19922,16851796,YRI
NA19922,16851822,YRI
NA19922,16851899,YRI
NA19922,16852303,YRI
NA19922,16852312,YRI
NA19922,16852652,YRI
NA19922,16852667,YRI
NA19922,16852683,YRI
NA19922,16852820,YRI
NA19922,16852835,YRI
NA19922,16852914,YRI
NA19922,16853019,YRI
NA19922,16853055,YRI
NA19922,16853071,YRI
NA19922,16853122,YRI
NA19922,16853178,YRI
NA19922,16853218,YRI
NA19922,16853231,YRI
NA19922,16853232,YRI
NA19922,16853399,YRI
NA19922,16853425,YRI
NA19922,16853625,YRI
NA19922,16853948,YRI
NA19922,16854064,YRI
NA19922,16854330,YRI
NA19922,16854396,YRI
NA19922,16854435,YRI
NA19922,16854448,YRI
NA19922,16854565,YRI
NA19922,16854617,YRI
NA19922,16854643,YRI
NA19922,16854652,YRI
NA19922,16854792,YRI
NA19922,16854831,YRI
NA19922,16854859,YRI
NA19922,16855160,YRI
NA19922,16855274,YRI
NA19922,16855350,YRI
NA19922,16855366,YRI
NA19922,16855476,YRI
NA19922,16855563,YRI
NA19922,16855618,YRI
NA19922,16855677,YRI
NA19922,16855731,YRI
NA19922,16855764,YRI
NA19922,16855904,YRI
NA19922,16856181,YRI
NA19922,16856188,YRI
NA19922,16856465,YRI
NA19922,16856544,YRI
NA19922,16856609,YRI
NA19922,16856672,YRI
NA19922,16856803,YRI
NA19922,16856809,YRI
NA19922,16856878,YRI
NA19922,16857015,YRI
NA19922,16857035,YRI
NA19922,16857041,YRI
NA19922,16857140,YRI
NA19922,16857165,YRI
NA19922,16857414,YRI
NA19922,16857418,YRI
NA19922,16857422,YRI
NA19922,16857510,YRI
NA19922,16857943,YRI
NA19922,16857983,YRI
NA19922,16858076,YRI
NA19922,16858191,YRI
NA19922,16858218,YRI
NA19922,16858219,YRI
NA19922,16858253,YRI
NA19922,16858364,YRI
NA19922,16858472,YRI
NA19922,16858684,YRI
NA19922,16858723,YRI
NA19922,16858843,YRI
NA19922,16858863,YRI
NA19922,16858968,YRI
NA19922,16859182,YRI
NA19922,16859254,YRI
NA19922,16859301,YRI
NA19922,16859311,YRI
NA19922,16859587,YRI
NA19922,16859704,YRI
NA19922,16860036,YRI
NA19922,16860066,YRI
NA19922,16860139,YRI
NA19922,16860228,YRI
NA19922,16860257,YRI
NA19922,16860258,YRI
NA19922,16860336,YRI
NA19922,16860360,YRI
NA19922,16860413,YRI
NA19922,16860442,YRI
NA19922,16860496,YRI
NA19922,16860617,YRI
NA19922,16860752,YRI
NA19922,16860767,YRI
NA19922,16860813,YRI
NA19922,16860967,YRI
NA19922,16860985,YRI
NA19922,16861056,YRI
NA19922,16861182,YRI
NA19922,16861246,YRI
NA19922,16861293,YRI
NA19922,16861450,YRI
NA19922,16861577,YRI
NA19922,16861592,YRI
NA19922,16861595,YRI
NA19922,16861599,YRI
NA19922,16861648,YRI
NA19922,16861786,YRI
NA19922,16861919,YRI
NA19922,16861975,YRI
NA19922,16862057,YRI
NA19922,16862213,YRI
NA19922,16862223,YRI
NA19922,16862226,YRI
NA19922,16862282,YRI
NA19922,16862335,YRI
NA19922,16862531,YRI
NA19922,16862729,YRI
NA19922,16862889,YRI
NA19922,16863070,YRI
NA19922,16863378,YRI
NA19922,16863454,YRI
NA19922,16863815,YRI
NA19922,16864090,YRI
NA19922,16865028,YRI
NA19922,16865032,YRI
NA19922,16865450,YRI
NA19922,16865510,YRI
NA19922,16865596,YRI
NA19922,16865803,YRI
NA19922,16866339,YRI
NA19922,16866749,YRI
NA19922,16866894,YRI
NA19922,16867061,YRI
NA19922,16867414,YRI
NA19922,16867451,YRI
NA19922,16867535,YRI
NA19922,16867625,YRI
NA19922,16867938,YRI
NA19922,16867958,YRI
NA19922,16868142,YRI
NA19922,16868143,YRI
NA19922,16868195,YRI
NA19922,16868364,YRI
NA19922,16869223,YRI
NA19922,16869511,YRI
NA19922,16869617,YRI
NA19922,16869694,YRI
NA19922,16869959,YRI
NA19922,16870055,YRI
NA19922,16870108,YRI
NA19922,16870162,YRI
NA19922,16870214,YRI
NA19922,16870251,YRI
NA19922,16870381,YRI
NA19922,16870393,YRI
NA19922,16870425,YRI
NA19922,16870561,YRI
NA19922,16870764,YRI
NA19922,16870890,YRI
NA19922,16871080,YRI
NA19922,16871133,YRI
NA19922,16871137,YRI
NA19922,16871318,YRI
NA19922,16871440,YRI
NA19922,16871463,YRI
NA19922,16871709,YRI
NA19922,16871863,YRI
NA19922,16871885,YRI
NA19922,16871903,YRI
NA19922,16871951,YRI
NA19922,16872281,YRI
NA19922,16872643,YRI
NA19922,16872891,YRI
NA19922,16872904,YRI
NA19922,16873122,YRI
NA19922,16873140,YRI
NA19922,16873226,YRI
NA19922,16873251,YRI
NA19922,16873461,YRI
NA19922,16873715,YRI
NA19922,16873867,YRI
NA19922,16874667,YRI
NA19922,16874715,YRI
NA19922,16874741,YRI
NA19922,16875195,YRI
NA19922,16875538,YRI
NA19922,16876216,YRI
NA19922,16876253,YRI
NA19922,16876292,YRI
NA19922,16876305,YRI
NA19922,16876566,YRI
NA19922,16876585,YRI
NA19922,16876681,YRI
NA19922,16876715,YRI
NA19922,16876839,YRI
NA19922,16877230,YRI
NA19922,16877315,YRI
NA19922,16877799,YRI
NA19922,16878039,YRI
NA19922,16878326,YRI
NA19922,16878365,YRI
NA19922,16878423,YRI
NA19922,16878882,YRI
NA19922,16879056,YRI
NA19922,16879151,YRI
NA19922,16879530,YRI
NA19922,16880072,YRI
NA19922,16880098,YRI
NA19922,16880230,YRI
NA19922,16880437,YRI
NA19922,16880730,YRI
NA19922,16881071,YRI
NA19922,16881679,YRI
NA19922,16881807,YRI
NA19922,16882123,YRI
NA19922,16882354,YRI
NA19922,16882357,YRI
NA19922,16882991,YRI
NA19922,16883615,YRI
NA19922,16883930,YRI
NA19922,16884494,YRI
NA19922,16884830,YRI
NA19922,16885946,YRI
NA19922,16886254,YRI
NA19922,16886255,YRI
NA19922,16886873,YRI
NA19922,16886974,YRI
NA19922,16887279,YRI
NA19922,16888212,YRI
NA19922,16888300,YRI
NA19922,16888577,YRI
NA19922,16888637,YRI
NA19922,16888900,YRI
NA19922,16889414,YRI
NA19922,16889828,YRI
NA19922,16890125,YRI
NA19922,16890296,YRI
NA19922,16890718,YRI
NA19922,16890804,YRI
NA19922,16890816,YRI
NA19922,16891989,YRI
NA19922,16892613,YRI
NA19922,16892858,YRI
NA19922,16894090,YRI
NA19922,16894196,YRI
NA19922,16894264,YRI
NA19922,16894392,YRI
NA19922,16895246,YRI
NA19922,16895382,YRI
NA19922,16896468,YRI
NA19922,16896762,YRI
NA19922,16896895,YRI
NA19922,16897621,YRI
NA19922,16897762,YRI
NA19922,16898281,YRI
NA19922,16898290,YRI
NA19922,16898389,YRI
NA19922,16898935,YRI
NA19922,16899626,YRI
NA19922,16899636,YRI
NA19922,16899663,YRI
NA19922,16900134,YRI
NA19922,16901048,YRI
NA19922,16902425,YRI
NA19922,16903413,YRI
NA19922,16903536,YRI
NA19922,16903845,YRI
NA19922,16903921,YRI
NA19922,16904056,YRI
NA19922,16904979,YRI
NA19922,16905526,YRI
NA19922,16905630,YRI
NA19922,16905757,YRI
NA19922,16906273,YRI
NA19922,16906282,YRI
NA19922,16906466,YRI
NA19922,16906517,YRI
NA19922,16906790,YRI
NA19922,16907486,YRI
NA19922,16907946,YRI
NA19922,16908145,YRI
NA19922,16908214,YRI
NA19922,16908441,YRI
NA19922,16908514,YRI
NA19922,16908526,YRI
NA19922,16908689,YRI
NA19922,16910205,YRI
NA19922,16910503,YRI
NA19922,16911053,YRI
NA19922,16911828,YRI
NA19922,16912530,YRI
NA19922,16912792,YRI
NA19922,16912915,YRI
NA19922,16913308,YRI
NA19922,16913399,YRI
NA19922,16913536,YRI
NA19922,16913788,YRI
NA19922,16913831,YRI
NA19922,16913843,YRI
NA19922,16913858,YRI
NA19922,16913973,YRI
NA19922,16914208,YRI
NA19922,16914628,YRI
NA19922,16914738,YRI
NA19922,16914941,YRI
NA19922,16914962,YRI
NA19922,16915215,YRI
NA19922,16915280,YRI
NA19922,16915428,YRI
NA19922,16915596,YRI
NA19922,16915616,YRI
NA19922,16915705,YRI
NA19922,16915998,YRI
NA19922,16916571,YRI
NA19922,16916698,YRI
NA19922,16917028,YRI
NA19922,16917857,YRI
NA19922,16917903,YRI
NA19922,16918023,YRI
NA19922,16918335,YRI
NA19922,16918406,YRI
NA19922,16918469,YRI
NA19922,16918867,YRI
NA19922,16918898,YRI
NA19922,16919536,YRI
NA19922,16919927,YRI
NA19922,16920269,YRI
NA19922,16920434,YRI
NA19922,16920668,YRI
NA19922,16920731,YRI
NA19922,16920958,YRI
NA19922,16923059,YRI
NA19922,16923356,YRI
NA19922,16923361,YRI
NA19922,16923693,YRI
NA19922,16923711,YRI
NA19922,16924803,YRI
NA19922,16925866,YRI
NA19922,16925870,YRI
NA19922,16925910,YRI
NA19922,16926009,YRI
NA19922,16926333,YRI
NA19922,16926896,YRI
NA19922,16927519,YRI
NA19922,16927705,YRI
NA19922,16928360,YRI
NA19922,16928476,YRI
NA19922,16930122,YRI
NA19922,16930184,YRI
NA19922,16930252,YRI
NA19922,16930573,YRI
NA19922,16930851,YRI
NA19922,16931869,YRI
NA19922,16931947,YRI
NA19922,16932130,YRI
NA19922,16932408,YRI
NA19922,16932410,YRI
NA19922,16932440,YRI
NA19922,16932517,YRI
NA19922,16932565,YRI
NA19922,16932678,YRI
NA19922,16933140,YRI
NA19922,16933929,YRI
NA19922,16933993,YRI
NA19922,16934374,YRI
NA19922,16934385,YRI
NA19922,16934613,YRI
NA19922,16934657,YRI
NA19922,16935084,YRI
NA19922,16935355,YRI
NA19922,16935528,YRI
NA19922,16935609,YRI
NA19922,16935663,YRI
NA19922,16936090,YRI
NA19922,16936369,YRI
NA19922,16936412,YRI
NA19922,16936451,YRI
NA19922,16936600,YRI
NA19922,16937123,YRI
NA19922,16937131,YRI
NA19922,16937715,YRI
NA19922,16938155,YRI
NA19922,16938183,YRI
NA19922,16938376,YRI
NA19922,16938961,YRI
NA19922,16939256,YRI
NA19922,16939604,YRI
NA19922,16939838,YRI
NA19922,16941186,YRI
NA19922,16941398,YRI
NA19922,16941709,YRI
NA19922,16942072,YRI
NA19922,16942673,YRI
NA19922,16942941,YRI
NA19922,16943612,YRI
NA19922,16944123,YRI
NA19922,16944686,YRI
NA19922,16944695,YRI
NA19922,16945045,YRI
NA19922,16945602,YRI
NA19922,16946586,YRI
NA19922,16946860,YRI
NA19922,16947183,YRI
NA19922,16947481,YRI
NA19922,16947544,YRI
NA19922,16948732,YRI
NA19922,16948810,YRI
NA19922,16948947,YRI
NA19922,16949797,YRI
NA19922,16950229,YRI
NA19922,16950364,YRI
NA19922,16950404,YRI
NA19922,16951509,YRI
NA19922,16951562,YRI
NA19922,16951599,YRI
NA19922,16951755,YRI
NA19922,16951942,YRI
NA19922,16951974,YRI
NA19922,16952978,YRI
NA19922,16953120,YRI
NA19922,16953560,YRI
NA19922,16953727,YRI
NA19922,16954191,YRI
NA19922,16955079,YRI
NA19922,16955480,YRI
NA19922,16955588,YRI
NA19922,16956141,YRI
NA19922,16956415,YRI
NA19922,16956560,YRI
NA19922,16956997,YRI
NA19922,16957017,YRI
NA19922,16957305,YRI
NA19922,16957339,YRI
NA19922,16957902,YRI
NA19922,16958009,YRI
NA19922,16958051,YRI
NA19922,16958277,YRI
NA19922,16958616,YRI
NA19922,16958950,YRI
NA19922,16959043,YRI
NA19922,16959362,YRI
NA19922,16959657,YRI
NA19922,16960113,YRI
NA19922,16960469,YRI
NA19922,16960574,YRI
NA19922,16960666,YRI
NA19922,16960799,YRI
NA19922,16961980,YRI
NA19922,16962044,YRI
NA19922,16962103,YRI
NA19922,16962868,YRI
NA19922,16963545,YRI
NA19922,16964028,YRI
NA19922,16964030,YRI
NA19922,16964032,YRI
NA19922,16964487,YRI
NA19922,16965224,YRI
NA19922,16965490,YRI
NA19922,16967698,YRI
NA19922,16972435,YRI
NA19922,16976051,YRI
NA19922,16976054,YRI
NA19922,16986934,YRI
NA19922,16987319,YRI
NA19982,16052167,YRI
NA19982,16053659,YRI
NA19982,16053791,YRI
NA19982,16054740,YRI
NA19982,16055942,YRI
NA19982,16058766,YRI
NA19982,16058767,YRI
NA19982,16058883,YRI
NA19982,16060513,YRI
NA19982,16060515,YRI
NA19982,16060517,YRI
NA19982,16060567,YRI
NA19982,16060797,YRI
NA19982,16061016,YRI
NA19982,16061992,YRI
NA19982,16063154,YRI
NA19982,16064992,YRI
NA19982,16067208,YRI
NA19982,16067462,YRI
NA19982,16067500,YRI
NA19982,16067693,YRI
NA19982,16067719,YRI
NA19982,16069141,YRI
NA19982,16069707,YRI
NA19982,16069771,YRI
NA19982,16069783,YRI
NA19982,16070517,YRI
NA19982,16071624,YRI
NA19982,16072581,YRI
NA19982,16074105,YRI
NA19982,16080694,YRI
NA19982,16085591,YRI
NA19982,16105128,YRI
NA19982,16106333,YRI
NA19982,16113892,YRI
NA19982,16115374,YRI
NA19982,16122005,YRI
NA19982,16123252,YRI
NA19982,16123469,YRI
NA19982,16123812,YRI
NA19982,16123813,YRI
NA19982,16136566,YRI
NA19982,16139153,YRI
NA19982,16140792,YRI
NA19982,16144238,YRI
NA19982,16145649,YRI
NA19982,16147892,YRI
NA19982,16149743,YRI
NA19982,16150589,YRI
NA19982,16152606,YRI
NA19982,16154477,YRI
NA19982,16154873,YRI
NA19982,16155223,YRI
NA19982,16155259,YRI
NA19982,16157622,YRI
NA19982,16159060,YRI
NA19982,16163115,YRI
NA19982,16168542,YRI
NA19982,16168653,YRI
NA19982,16168865,YRI
NA19982,16168874,YRI
NA19982,16176926,YRI
NA19982,16177740,YRI
NA19982,16185876,YRI
NA19982,16194707,YRI
NA19982,16201114,YRI
NA19982,16202170,YRI
NA19982,16208767,YRI
NA19982,16208885,YRI
NA19982,16211244,YRI
NA19982,16211246,YRI
NA19982,16212250,YRI
NA19982,16212410,YRI
NA19982,16212732,YRI
NA19982,16215888,YRI
NA19982,16218389,YRI
NA19982,16219267,YRI
NA19982,16219643,YRI
NA19982,16219898,YRI
NA19982,16225508,YRI
NA19982,16228619,YRI
NA19982,16228759,YRI
NA19982,16229148,YRI
NA19982,16231371,YRI
NA19982,16231930,YRI
NA19982,16235732,YRI
NA19982,16240357,YRI
NA19982,16240905,YRI
NA19982,16241858,YRI
NA19982,16241887,YRI
NA19982,16242273,YRI
NA19982,16242601,YRI
NA19982,16242751,YRI
NA19982,16245839,YRI
NA19982,16246005,YRI
NA19982,16248430,YRI
NA19982,16252197,YRI
NA19982,16252281,YRI
NA19982,16252413,YRI
NA19982,16252532,YRI
NA19982,16252594,YRI
NA19982,16252726,YRI
NA19982,16255517,YRI
NA19982,16255645,YRI
NA19982,16255710,YRI
NA19982,16255935,YRI
NA19982,16257707,YRI
NA19982,16260678,YRI
NA19982,16264717,YRI
NA19982,16265075,YRI
NA19982,16267558,YRI
NA19982,16269466,YRI
NA19982,16269779,YRI
NA19982,16269827,YRI
NA19982,16269829,YRI
NA19982,16271182,YRI
NA19982,16274073,YRI
NA19982,16274480,YRI
NA19982,16277622,YRI
NA19982,16277634,YRI
NA19982,16278260,YRI
NA19982,16279068,YRI
NA19982,16279319,YRI
NA19982,16281148,YRI
NA19982,16281943,YRI
NA19982,16283300,YRI
NA19982,16285350,YRI
NA19982,16285954,YRI
NA19982,16286465,YRI
NA19982,16286468,YRI
NA19982,16287155,YRI
NA19982,16288075,YRI
NA19982,16288739,YRI
NA19982,16288742,YRI
NA19982,16289275,YRI
NA19982,16289673,YRI
NA19982,16290704,YRI
NA19982,16297012,YRI
NA19982,16297800,YRI
NA19982,16302297,YRI
NA19982,16302641,YRI
NA19982,16305466,YRI
NA19982,16305499,YRI
NA19982,16309704,YRI
NA19982,16309752,YRI
NA19982,16314967,YRI
NA19982,16319620,YRI
NA19982,16319835,YRI
NA19982,16320336,YRI
NA19982,16320341,YRI
NA19982,16320344,YRI
NA19982,16340551,YRI
NA19982,16341116,YRI
NA19982,16341494,YRI
NA19982,16341685,YRI
NA19982,16341826,YRI
NA19982,16344345,YRI
NA19982,16352391,YRI
NA19982,16352455,YRI
NA19982,16357433,YRI
NA19982,16357846,YRI
NA19982,16359545,YRI
NA19982,16360162,YRI
NA19982,16364923,YRI
NA19982,16365289,YRI
NA19982,16366264,YRI
NA19982,16366285,YRI
NA19982,16367079,YRI
NA19982,16367258,YRI
NA19982,16368614,YRI
NA19982,16369010,YRI
NA19982,16372719,YRI
NA19982,16373581,YRI
NA19982,16375761,YRI
NA19982,16384531,YRI
NA19982,16384557,YRI
NA19982,16388301,YRI
NA19982,16393311,YRI
NA19982,16393312,YRI
NA19982,16396276,YRI
NA19982,16399159,YRI
NA19982,16399162,YRI
NA19982,16399495,YRI
NA19982,16399595,YRI
NA19982,16400397,YRI
NA19982,16400487,YRI
NA19982,16402296,YRI
NA19982,16404002,YRI
NA19982,16404003,YRI
NA19982,16404838,YRI
NA19982,16407120,YRI
NA19982,16407329,YRI
NA19982,16409097,YRI
NA19982,16409312,YRI
NA19982,16409671,YRI
NA19982,16412969,YRI
NA19982,16413241,YRI
NA19982,16414678,YRI
NA19982,16414787,YRI
NA19982,16415662,YRI
NA19982,16415815,YRI
NA19982,16419618,YRI
NA19982,16423527,YRI
NA19982,16425814,YRI
NA19982,16428299,YRI
NA19982,16428507,YRI
NA19982,16429472,YRI
NA19982,16432905,YRI
NA19982,16434935,YRI
NA19982,16438164,YRI
NA19982,16439926,YRI
NA19982,16440561,YRI
NA19982,16442964,YRI
NA19982,16442974,YRI
NA19982,16445153,YRI
NA19982,16447985,YRI
NA19982,16448899,YRI
NA19982,16449050,YRI
NA19982,16451245,YRI
NA19982,16459587,YRI
NA19982,16460869,YRI
NA19982,16462467,YRI
NA19982,16463039,YRI
NA19982,16464422,YRI
NA19982,16464716,YRI
NA19982,16471042,YRI
NA19982,16471151,YRI
NA19982,16471461,YRI
NA19982,16472000,YRI
NA19982,16473813,YRI
NA19982,16474550,YRI
NA19982,16477171,YRI
NA19982,16477393,YRI
NA19982,16477443,YRI
NA19982,16477881,YRI
NA19982,16478236,YRI
NA19982,16480424,YRI
NA19982,16482550,YRI
NA19982,16483979,YRI
NA19982,16485091,YRI
NA19982,16485891,YRI
NA19982,16486018,YRI
NA19982,16487825,YRI
NA19982,16488637,YRI
NA19982,16488814,YRI
NA19982,16489239,YRI
NA19982,16489705,YRI
NA19982,16489959,YRI
NA19982,16490252,YRI
NA19982,16490618,YRI
NA19982,16491206,YRI
NA19982,16492204,YRI
NA19982,16496595,YRI
NA19982,16498387,YRI
NA19982,16498643,YRI
NA19982,16499220,YRI
NA19982,16501803,YRI
NA19982,16502808,YRI
NA19982,16504399,YRI
NA19982,16504491,YRI
NA19982,16504500,YRI
NA19982,16509047,YRI
NA19982,16511719,YRI
NA19982,16512007,YRI
NA19982,16512519,YRI
NA19982,16512564,YRI
NA19982,16514160,YRI
NA19982,16514951,YRI
NA19982,16515973,YRI
NA19982,16517477,YRI
NA19982,16518157,YRI
NA19982,16518451,YRI
NA19982,16520268,YRI
NA19982,16522386,YRI
NA19982,16522817,YRI
NA19982,16523730,YRI
NA19982,16523848,YRI
NA19982,16525590,YRI
NA19982,16526383,YRI
NA19982,16526485,YRI
NA19982,16528060,YRI
NA19982,16528441,YRI
NA19982,16528995,YRI
NA19982,16530228,YRI
NA19982,16531941,YRI
NA19982,16532046,YRI
NA19982,16533604,YRI
NA19982,16537357,YRI
NA19982,16538427,YRI
NA19982,16540702,YRI
NA19982,16541963,YRI
NA19982,16541972,YRI
NA19982,16542224,YRI
NA19982,16542692,YRI
NA19982,16544863,YRI
NA19982,16546581,YRI
NA19982,16546880,YRI
NA19982,16547278,YRI
NA19982,16548755,YRI
NA19982,16550811,YRI
NA19982,16551355,YRI
NA19982,16552793,YRI
NA19982,16553221,YRI
NA19982,16556883,YRI
NA19982,16557172,YRI
NA19982,16557757,YRI
NA19982,16560103,YRI
NA19982,16560113,YRI
NA19982,16560118,YRI
NA19982,16562954,YRI
NA19982,16564036,YRI
NA19982,16565478,YRI
NA19982,16565610,YRI
NA19982,16566779,YRI
NA19982,16567449,YRI
NA19982,16567802,YRI
NA19982,16569712,YRI
NA19982,16570734,YRI
NA19982,16571243,YRI
NA19982,16573733,YRI
NA19982,16575221,YRI
NA19982,16575576,YRI
NA19982,16577075,YRI
NA19982,16578265,YRI
NA19982,16580254,YRI
NA19982,16581158,YRI
NA19982,16586715,YRI
NA19982,16588095,YRI
NA19982,16588968,YRI
NA19982,16589430,YRI
NA19982,16590351,YRI
NA19982,16590657,YRI
NA19982,16591627,YRI
NA19982,16592721,YRI
NA19982,16597156,YRI
NA19982,16597928,YRI
NA19982,16598482,YRI
NA19982,16599136,YRI
NA19982,16600763,YRI
NA19982,16600783,YRI
NA19982,16600923,YRI
NA19982,16601556,YRI
NA19982,16601574,YRI
NA19982,16606329,YRI
NA19982,16607993,YRI
NA19982,16607994,YRI
NA19982,16609466,YRI
NA19982,16609600,YRI
NA19982,16610844,YRI
NA19982,16612141,YRI
NA19982,16612757,YRI
NA19982,16614145,YRI
NA19982,16617627,YRI
NA19982,16620667,YRI
NA19982,16620701,YRI
NA19982,16623273,YRI
NA19982,16624210,YRI
NA19982,16624702,YRI
NA19982,16624726,YRI
NA19982,16626327,YRI
NA19982,16626474,YRI
NA19982,16626992,YRI
NA19982,16628321,YRI
NA19982,16629378,YRI
NA19982,16631921,YRI
NA19982,16632403,YRI
NA19982,16632632,YRI
NA19982,16632893,YRI
NA19982,16632974,YRI
NA19982,16634706,YRI
NA19982,16635569,YRI
NA19982,16635765,YRI
NA19982,16636057,YRI
NA19982,16636560,YRI
NA19982,16636563,YRI
NA19982,16636637,YRI
NA19982,16637483,YRI
NA19982,16643385,YRI
NA19982,16643454,YRI
NA19982,16644797,YRI
NA19982,16645294,YRI
NA19982,16646091,YRI
NA19982,16646656,YRI
NA19982,16647426,YRI
NA19982,16647946,YRI
NA19982,16648273,YRI
NA19982,16648278,YRI
NA19982,16652333,YRI
NA19982,16655918,YRI
NA19982,16656792,YRI
NA19982,16657810,YRI
NA19982,16658046,YRI
NA19982,16658056,YRI
NA19982,16658105,YRI
NA19982,16661566,YRI
NA19982,16661725,YRI
NA19982,16661781,YRI
NA19982,16661786,YRI
NA19982,16662049,YRI
NA19982,16662219,YRI
NA19982,16663648,YRI
NA19982,16666750,YRI
NA19982,16667546,YRI
NA19982,16676255,YRI
NA19982,16683487,YRI
NA19982,16684239,YRI
NA19982,16684358,YRI
NA19982,16687386,YRI
NA19982,16687476,YRI
NA19982,16693184,YRI
NA19982,16693423,YRI
NA19982,16693647,YRI
NA19982,16694137,YRI
NA19982,16695829,YRI
NA19982,16695882,YRI
NA19982,16696307,YRI
NA19982,16696590,YRI
NA19982,16696591,YRI
NA19982,16696637,YRI
NA19982,16847963,YRI
NA19982,16848015,YRI
NA19982,16848165,YRI
NA19982,16848337,YRI
NA19982,16848470,YRI
NA19982,16848493,YRI
NA19982,16848520,YRI
NA19982,16848573,YRI
NA19982,16849030,YRI
NA19982,16849105,YRI
NA19982,16849535,YRI
NA19982,16849573,YRI
NA19982,16849681,YRI
NA19982,16849725,YRI
NA19982,16849843,YRI
NA19982,16849871,YRI
NA19982,16849933,YRI
NA19982,16849941,YRI
NA19982,16849971,YRI
NA19982,16850089,YRI
NA19982,16850115,YRI
NA19982,16850164,YRI
NA19982,16850281,YRI
NA19982,16850297,YRI
NA19982,16850437,YRI
NA19982,16850463,YRI
NA19982,16850671,YRI
NA19982,16850676,YRI
NA19982,16850744,YRI
NA19982,16851053,YRI
NA19982,16851079,YRI
NA19982,16851081,YRI
NA19982,16851088,YRI
NA19982,16851108,YRI
NA19982,16851125,YRI
NA19982,16851141,YRI
NA19982,16851225,YRI
NA19982,16851356,YRI
NA19982,16851489,YRI
NA19982,16851640,YRI
NA19982,16851673,YRI
NA19982,16851796,YRI
NA19982,16851822,YRI
NA19982,16851899,YRI
NA19982,16852303,YRI
NA19982,16852312,YRI
NA19982,16852652,YRI
NA19982,16852667,YRI
NA19982,16852683,YRI
NA19982,16852820,YRI
NA19982,16852835,YRI
NA19982,16852914,YRI
NA19982,16853019,YRI
NA19982,16853055,YRI
NA19982,16853071,YRI
NA19982,16853122,YRI
NA19982,16853178,YRI
NA19982,16853218,YRI
NA19982,16853231,YRI
NA19982,16853232,YRI
NA19982,16853399,YRI
NA19982,16853425,YRI
NA19982,16853625,YRI
NA19982,16853948,YRI
NA19982,16854064,YRI
NA19982,16854330,YRI
NA19982,16854396,YRI
NA19982,16854435,YRI
NA19982,16854448,YRI
NA19982,16854565,YRI
NA19982,16854617,YRI
NA19982,16854643,YRI
NA19982,16854652,YRI
NA19982,16854792,YRI
NA19982,16854831,YRI
NA19982,16854859,YRI
NA19982,16855160,YRI
NA19982,16855274,YRI
NA19982,16855350,YRI
NA19982,16855366,YRI
NA19982,16855476,YRI
NA19982,16855563,YRI
NA19982,16855618,YRI
NA19982,16855677,YRI
NA19982,16855731,YRI
NA19982,16855764,YRI
NA19982,16855904,YRI
NA19982,16856181,YRI
NA19982,16856188,YRI
NA19982,16856465,YRI
NA19982,16856544,YRI
NA19982,16856609,YRI
NA19982,16856672,YRI
NA19982,16856803,YRI
NA19982,16856809,YRI
NA19982,16856878,YRI
NA19982,16857015,YRI
NA19982,16857035,YRI
NA19982,16857041,YRI
NA19982,16857140,YRI
NA19982,16857165,YRI
NA19982,16857414,YRI
NA19982,16857418,YRI
NA19982,16857422,YRI
NA19982,16857510,YRI
NA19982,16857943,YRI
NA19982,16857983,YRI
NA19982,16858076,YRI
NA19982,16858191,YRI
NA19982,16858218,YRI
NA19982,16858219,YRI
NA19982,16858253,YRI
NA19982,16858364,YRI
NA19982,16858472,YRI
NA19982,16858684,YRI
NA19982,16858723,YRI
NA19982,16858843,YRI
NA19982,16858863,YRI
NA19982,16858968,YRI
NA19982,16859182,YRI
NA19982,16859254,YRI
NA19982,16859301,YRI
NA19982,16859311,YRI
NA19982,16859587,YRI
NA19982,16859704,YRI
NA19982,16860036,YRI
NA19982,16860066,YRI
NA19982,16860139,YRI
NA19982,16860228,YRI
NA19982,16860257,YRI
NA19982,16860258,YRI
NA19982,16860336,YRI
NA19982,16860360,YRI
NA19982,16860413,YRI
NA19982,16860442,YRI
NA19982,16860496,YRI
NA19982,16860617,YRI
NA19982,16860752,YRI
NA19982,16860767,YRI
NA19982,16860813,YRI
NA19982,16860967,YRI
NA19982,16860985,YRI
NA19982,16861056,YRI
NA19982,16861182,YRI
NA19982,16861246,YRI
NA19982,16861293,YRI
NA19982,16861450,YRI
NA19982,16861577,YRI
NA19982,16861592,YRI
NA19982,16861595,YRI
NA19982,16861599,YRI
NA19982,16861648,YRI
NA19982,16861786,YRI
NA19982,16861919,YRI
NA19982,16861975,YRI
NA19982,16862057,YRI
NA19982,16862213,YRI
NA19982,16862223,YRI
NA19982,16862226,YRI
NA19982,16862282,YRI
NA19982,16862335,YRI
NA19982,16862531,YRI
NA19982,16862729,YRI
NA19982,16862889,YRI
NA19982,16863070,YRI
NA19982,16863378,YRI
NA19982,16863454,YRI
NA19982,16863815,YRI
NA19982,16864090,YRI
NA19982,16865028,YRI
NA19982,16865032,YRI
NA19982,16865450,YRI
NA19982,16865510,YRI
NA19982,16865596,YRI
NA19982,16865803,YRI
NA19982,16866339,YRI
NA19982,16866749,YRI
NA19982,16866894,YRI
NA19982,16867061,YRI
NA19982,16867414,YRI
NA19982,16867451,YRI
NA19982,16867535,YRI
NA19982,16867625,YRI
NA19982,16867938,YRI
NA19982,16867958,YRI
NA19982,16868142,YRI
NA19982,16868143,YRI
NA19982,16868195,YRI
NA19982,16868364,YRI
NA19982,16869223,YRI
NA19982,16869511,YRI
NA19982,16869617,YRI
NA19982,16869694,YRI
NA19982,16869959,YRI
NA19982,16870055,YRI
NA19982,16870108,YRI
NA19982,16870162,YRI
NA19982,16870214,YRI
NA19982,16870251,YRI
NA19982,16870381,YRI
NA19982,16870393,YRI
NA19982,16870425,YRI
NA19982,16870561,YRI
NA19982,16870764,YRI
NA19982,16870890,YRI
NA19982,16871080,YRI
NA19982,16871133,YRI
NA19982,16871137,YRI
NA19982,16871318,YRI
NA19982,16871440,YRI
NA19982,16871463,YRI
NA19982,16871709,YRI
NA19982,16871863,YRI
NA19982,16871885,YRI
NA19982,16871903,YRI
NA19982,16871951,YRI
NA19982,16872281,YRI
NA19982,16872643,YRI
NA19982,16872891,YRI
NA19982,16872904,YRI
NA19982,16873122,YRI
NA19982,16873140,YRI
NA19982,16873226,YRI
NA19982,16873251,YRI
NA19982,16873461,YRI
NA19982,16873715,YRI
NA19982,16873867,YRI
NA19982,16874667,YRI
NA19982,16874715,YRI
NA19982,16874741,YRI
NA19982,16875195,YRI
NA19982,16875538,YRI
NA19982,16876216,YRI
NA19982,16876253,YRI
NA19982,16876292,YRI
NA19982,16876305,YRI
NA19982,16876566,YRI
NA19982,16876585,YRI
NA19982,16876681,YRI
NA19982,16876715,YRI
NA19982,16876839,YRI
NA19982,16877230,YRI
NA19982,16877315,YRI
NA19982,16877799,YRI
NA19982,16878039,YRI
NA19982,16878326,YRI
NA19982,16878365,YRI
NA19982,16878423,YRI
NA19982,16878882,YRI
NA19982,16879056,YRI
NA19982,16879151,YRI
NA19982,16879530,YRI
NA19982,16880072,YRI
NA19982,16880098,YRI
NA19982,16880230,YRI
NA19982,16880437,YRI
NA19982,16880730,YRI
NA19982,16881071,YRI
NA19982,16881679,YRI
NA19982,16881807,YRI
NA19982,16882123,YRI
NA19982,16882354,YRI
NA19982,16882357,YRI
NA19982,16882991,YRI
NA19982,16883615,YRI
NA19982,16883930,YRI
NA19982,16884494,YRI
NA19982,16884830,YRI
NA19982,16885946,YRI
NA19982,16886254,YRI
NA19982,16886255,YRI
NA19982,16886873,YRI
NA19982,16886974,YRI
NA19982,16887279,YRI
NA19982,16888212,YRI
NA19982,16888300,YRI
NA19982,16888577,YRI
NA19982,16888637,YRI
NA19982,16888900,YRI
NA19982,16889414,YRI
NA19982,16889828,YRI
NA19982,16890125,YRI
NA19982,16890296,YRI
NA19982,16890718,YRI
NA19982,16890804,YRI
NA19982,16890816,YRI
NA19982,16891989,YRI
NA19982,16892613,YRI
NA19982,16892858,YRI
NA19982,16894090,YRI
NA19982,16894196,YRI
NA19982,16894264,YRI
NA19982,16894392,YRI
NA19982,16895246,YRI
NA19982,16895382,YRI
NA19982,16896468,YRI
NA19982,16896762,YRI
NA19982,16896895,YRI
NA19982,16897621,YRI
NA19982,16897762,YRI
NA19982,16898281,YRI
NA19982,16898290,YRI
NA19982,16898389,YRI
NA19982,16898935,YRI
NA19982,16899626,YRI
NA19982,16899636,YRI
NA19982,16899663,YRI
NA19982,16900134,YRI
NA19982,16901048,YRI
NA19982,16902425,YRI
NA19982,16903413,YRI
NA19982,16903536,YRI
NA19982,16903845,YRI
NA19982,16903921,YRI
NA19982,16904056,YRI
NA19982,16904979,YRI
NA19982,16905526,YRI
NA19982,16905630,YRI
NA19982,16905757,YRI
NA19982,16906273,YRI
NA19982,16906282,YRI
NA19982,16906466,YRI
NA19982,16906517,YRI
NA19982,16906790,YRI
NA19982,16907486,YRI
NA19982,16907946,YRI
NA19982,16908145,YRI
NA19982,16908214,YRI
NA19982,16908441,YRI
NA19982,16908514,YRI
NA19982,16908526,YRI
NA19982,16908689,YRI
NA19982,16910205,YRI
NA19982,16910503,YRI
NA19982,16911053,YRI
NA19982,16911828,YRI
NA19982,16912530,YRI
NA19982,16912792,YRI
NA19982,16912915,YRI
NA19982,16913308,YRI
NA19982,16913399,YRI
NA19982,16913536,YRI
NA19982,16913788,YRI
NA19982,16913831,YRI
NA19982,16913843,YRI
NA19982,16913858,YRI
NA19982,16913973,YRI
NA19982,16914208,YRI
NA19982,16914628,YRI
NA19982,16914738,YRI
NA19982,16914941,YRI
NA19982,16914962,YRI
NA19982,16915215,YRI
NA19982,16915280,YRI
NA19982,16915428,YRI
NA19982,16915596,YRI
NA19982,16915616,YRI
NA19982,16915705,YRI
NA19982,16915998,YRI
NA19982,16916571,YRI
NA19982,16916698,YRI
NA19982,16917028,YRI
NA19982,16917857,YRI
NA19982,16917903,YRI
NA19982,16918023,YRI
NA19982,16918335,YRI
NA19982,16918406,YRI
NA19982,16918469,YRI
NA19982,16918867,YRI
NA19982,16918898,YRI
NA19982,16919536,YRI
NA19982,16919927,YRI
NA19982,16920269,YRI
NA19982,16920434,YRI
NA19982,16920668,YRI
NA19982,16920731,YRI
NA19982,16920958,YRI
NA19982,16923059,YRI
NA19982,16923356,YRI
NA19982,16923361,YRI
NA19982,16923693,YRI
NA19982,16923711,YRI
NA19982,16924803,YRI
NA19982,16925866,YRI
NA19982,16925870,YRI
NA19982,16925910,YRI
NA19982,16926009,YRI
NA19982,16926333,YRI
NA19982,16926896,YRI
NA19982,16927519,YRI
NA19982,16927705,YRI
NA19982,16928360,YRI
NA19982,16928476,YRI
NA19982,16930122,YRI
NA19982,16930184,YRI
NA19982,16930252,YRI
NA19982,16930573,YRI
NA19982,16930851,YRI
NA19982,16931869,YRI
NA19982,16931947,YRI
NA19982,16932130,YRI
NA19982,16932408,YRI
NA19982,16932410,YRI
NA19982,16932440,YRI
NA19982,16932517,YRI
NA19982,16932565,YRI
NA19982,16932678,YRI
NA19982,16933140,YRI
NA19982,16933929,YRI
NA19982,16933993,YRI
NA19982,16934374,YRI
NA19982,16934385,YRI
NA19982,16934613,YRI
NA19982,16934657,YRI
NA19982,16935084,YRI
NA19982,16935355,YRI
NA19982,16935528,YRI
NA19982,16935609,YRI
NA19982,16935663,YRI
NA19982,16936090,YRI
NA19982,16936369,YRI
NA19982,16936412,YRI
NA19982,16936451,YRI
NA19982,16936600,YRI
NA19982,16937123,YRI
NA19982,16937131,YRI
NA19982,16937715,YRI
NA19982,16938155,YRI
NA19982,16938183,YRI
NA19982,16938376,YRI
NA19982,16938961,YRI
NA19982,16939256,YRI
NA19982,16939604,YRI
NA19982,16939838,YRI
NA19982,16941186,YRI
NA19982,16941398,YRI
NA19982,16941709,YRI
NA19982,16942072,YRI
NA19982,16942673,YRI
NA19982,16942941,YRI
NA19982,16943612,YRI
NA19982,16944123,YRI
NA19982,16944686,YRI
NA19982,16944695,YRI
NA19982,16945045,YRI
NA19982,16945602,YRI
NA19982,16946586,YRI
NA19982,16946860,YRI
NA19982,16947183,YRI
NA19982,16947481,YRI
NA19982,16947544,YRI
NA19982,16948732,YRI
NA19982,16948810,YRI
NA19982,16948947,YRI
NA19982,16949797,YRI
NA19982,16950229,YRI
NA19982,16950364,YRI
NA19982,16950404,YRI
NA19982,16951509,YRI
NA19982,16951562,YRI
NA19982,16951599,YRI
NA19982,16951755,YRI
NA19982,16951942,YRI
NA19982,16951974,YRI
NA19982,16952978,YRI
NA19982,16953120,YRI
NA19982,16953560,YRI
NA19982,16953727,YRI
NA19982,16954191,YRI
NA19982,16955079,YRI
NA19982,16955480,YRI
NA19982,16955588,YRI
NA19982,16956141,YRI
NA19982,16956415,YRI
NA19982,16956560,YRI
NA19982,16956997,YRI
NA19982,16957017,YRI
NA19982,16957305,YRI
NA19982,16957339,YRI
NA19982,16957902,YRI
NA19982,16958009,YRI
NA19982,16958051,YRI
NA19982,16958277,YRI
NA19982,16958616,YRI
NA19982,16958950,YRI
NA19982,16959043,YRI
NA19982,16959362,YRI
NA19982,16959657,YRI
NA19982,16960113,YRI
NA19982,16960469,YRI
NA19982,16960574,YRI
NA19982,16960666,YRI
NA19982,16960799,YRI
NA19982,16961980,YRI
NA19982,16962044,YRI
NA19982,16962103,YRI
NA19982,16962868,YRI
NA19982,16963545,YRI
NA19982,16964028,YRI
NA19982,16964030,YRI
NA19982,16964032,YRI
NA19982,16964487,YRI
NA19982,16965224,YRI
NA19982,16965490,YRI
NA19982,16967698,YRI
NA19982,16972435,YRI
NA19982,16976051,YRI
NA19982,16976054,YRI
NA19982,16986934,YRI
NA19982,16987319,YRI
NA20334,16052167,CEU
NA20334,16053659,CEU
NA20334,16053791,CEU
NA20334,16054740,CEU
NA20334,16055942,CEU
NA20334,16058766,CEU
NA20334,16058767,CEU
NA20334,16058883,CEU
NA20334,16060513,CEU
NA20334,16060515,CEU
NA20334,16060517,CEU
NA20334,16060567,CEU
NA20334,16060797,CEU
NA20334,16061016,CEU
NA20334,16061992,CEU
NA20334,16063154,CEU
NA20334,16064992,CEU
NA20334,16067208,CEU
NA20334,16067462,CEU
NA20334,16067500,CEU
NA20334,16067693,CEU
NA20334,16067719,CEU
NA20334,16069141,CEU
NA20334,16069707,CEU
NA20334,16069771,CEU
NA20334,16069783,CEU
NA20334,16070517,CEU
NA20334,16071624,CEU
NA20334,16072581,CEU
NA20334,16074105,CEU
NA20334,16080694,CEU
NA20334,16085591,CEU
NA20334,16105128,CEU
NA20334,16106333,CEU
NA20334,16113892,CEU
NA20334,16115374,CEU
NA20334,16122005,CEU
NA20334,16123252,CEU
NA20334,16123469,CEU
NA20334,16123812,CEU
NA20334,16123813,CEU
NA20334,16136566,CEU
NA20334,16139153,CEU
NA20334,16140792,CEU
NA20334,16144238,CEU
NA20334,16145649,CEU
NA20334,16147892,CEU
NA20334,16149743,CEU
NA20334,16150589,CEU
NA20334,16152606,CEU
NA20334,16154477,CEU
NA20334,16154873,CEU
NA20334,16155223,CEU
NA20334,16155259,CEU
NA20334,16157622,CEU
NA20334,16159060,CEU
NA20334,16163115,CEU
NA20334,16168542,CEU
NA20334,16168653,CEU
NA20334,16168865,CEU
NA20334,16168874,CEU
NA20334,16176926,CEU
NA20334,16177740,CEU
NA20334,16185876,CEU
NA20334,16194707,CEU
NA20334,16201114,CEU
NA20334,16202170,CEU
NA20334,16208767,CEU
NA20334,16208885,CEU
NA20334,16211244,CEU
NA20334,16211246,CEU
NA20334,16212250,CEU
NA20334,16212410,CEU
NA20334,16212732,CEU
NA20334,16215888,CEU
NA20334,16218389,CEU
NA20334,16219267,CEU
NA20334,16219643,CEU
NA20334,16219898,CEU
NA20334,16225508,CEU
NA20334,16228619,CEU
NA20334,16228759,CEU
NA20334,16229148,CEU
NA20334,16231371,CEU
NA20334,16231930,CEU
NA20334,16235732,CEU
NA20334,16240357,CEU
NA20334,16240905,CEU
NA20334,16241858,CEU
NA20334,16241887,CEU
NA20334,16242273,CEU
NA20334,16242601,CEU
NA20334,16242751,CEU
NA20334,16245839,CEU
NA20334,16246005,CEU
NA20334,16248430,CEU
NA20334,16252197,CEU
NA20334,16252281,CEU
NA20334,16252413,CEU
NA20334,16252532,CEU
NA20334,16252594,CEU
NA20334,16252726,CEU
NA20334,16255517,CEU
NA20334,16255645,CEU
NA20334,16255710,CEU
NA20334,16255935,CEU
NA20334,16257707,CEU
NA20334,16260678,CEU
NA20334,16264717,CEU
NA20334,16265075,CEU
NA20334,16267558,CEU
NA20334,16269466,CEU
NA20334,16269779,CEU
NA20334,16269827,CEU
NA20334,16269829,CEU
NA20334,16271182,CEU
NA20334,16274073,CEU
NA20334,16274480,CEU
NA20334,16277622,CEU
NA20334,16277634,CEU
NA20334,16278260,CEU
NA20334,16279068,CEU
NA20334,16279319,CEU
NA20334,16281148,CEU
NA20334,16281943,CEU
NA20334,16283300,CEU
NA20334,16285350,HET
NA20334,16285954,HET
NA20334,16286465,HET
NA20334,16286468,HET
NA20334,16287155,HET
NA20334,16288075,HET
NA20334,16288739,HET
NA20334,16288742,HET
NA20334,16289275,HET
NA20334,16289673,HET
NA20334,16290704,HET
NA20334,16297012,HET
NA20334,16297800,HET
NA20334,16302297,HET
NA20334,16302641,HET
NA20334,16305466,HET
NA20334,16305499,HET
NA20334,16309704,HET
NA20334,16309752,HET
NA20334,16314967,HET
NA20334,16319620,HET
NA20334,16319835,HET
NA20334,16320336,HET
NA20334,16320341,HET
NA20334,16320344,HET
NA20334,16340551,HET
NA20334,16341116,HET
NA20334,16341494,HET
NA20334,16341685,HET
NA20334,16341826,HET
NA20334,16344345,HET
NA20334,16352391,HET
NA20334,16352455,HET
NA20334,16357433,HET
NA20334,16357846,HET
NA20334,16359545,HET
NA20334,16360162,HET
NA20334,16364923,HET
NA20334,16365289,HET
NA20334,16366264,HET
NA20334,16366285,HET
NA20334,16367079,HET
NA20334,16367258,HET
NA20334,16368614,HET
NA20334,16369010,HET
NA20334,16372719,HET
NA20334,16373581,HET
NA20334,16375761,HET
NA20334,16384531,HET
NA20334,16384557,HET
NA20334,16388301,HET
NA20334,16393311,HET
NA20334,16393312,HET
NA20334,16396276,HET
NA20334,16399159,HET
NA20334,16399162,HET
NA20334,16399495,HET
NA20334,16399595,HET
NA20334,16400397,HET
NA20334,16400487,HET
NA20334,16402296,HET
NA20334,16404002,HET
NA20334,16404003,HET
NA20334,16404838,HET
NA20334,16407120,HET
NA20334,16407329,HET
NA20334,16409097,HET
NA20334,16409312,HET
NA20334,16409671,HET
NA20334,16412969,HET
NA20334,16413241,HET
NA20334,16414678,HET
NA20334,16414787,HET
NA20334,16415662,HET
NA20334,16415815,HET
NA20334,16419618,HET
NA20334,16423527,HET
NA20334,16425814,HET
NA20334,16428299,HET
NA20334,16428507,HET
NA20334,16429472,HET
NA20334,16432905,HET
NA20334,16434935,HET
NA20334,16438164,HET
NA20334,16439926,HET
NA20334,16440561,HET
NA20334,16442964,HET
NA20334,16442974,HET
NA20334,16445153,HET
NA20334,16447985,HET
NA20334,16448899,HET
NA20334,16449050,HET
NA20334,16451245,HET
NA20334,16459587,HET
NA20334,16460869,HET
NA20334,16462467,HET
NA20334,16463039,HET
NA20334,16464422,HET
NA20334,16464716,HET
NA20334,16471042,HET
NA20334,16471151,HET
NA20334,16471461,HET
NA20334,16472000,HET
NA20334,16473813,HET
NA20334,16474550,HET
NA20334,16477171,HET
NA20334,16477393,HET
NA20334,16477443,HET
NA20334,16477881,HET
NA20334,16478236,HET
NA20334,16480424,HET
NA20334,16482550,HET
NA20334,16483979,HET
NA20334,16485091,HET
NA20334,16485891,HET
NA20334,16486018,HET
NA20334,16487825,HET
NA20334,16488637,HET
NA20334,16488814,HET
NA20334,16489239,HET
NA20334,16489705,HET
NA20334,16489959,HET
NA20334,16490252,HET
NA20334,16490618,HET
NA20334,16491206,HET
NA20334,16492204,HET
NA20334,16496595,HET
NA20334,16498387,HET
NA20334,16498643,HET
NA20334,16499220,HET
NA20334,16501803,HET
NA20334,16502808,HET
NA20334,16504399,HET
NA20334,16504491,HET
NA20334,16504500,HET
NA20334,16509047,HET
NA20334,16511719,HET
NA20334,16512007,HET
NA20334,16512519,HET
NA20334,16512564,HET
NA20334,16514160,HET
NA20334,16514951,HET
NA20334,16515973,HET
NA20334,16517477,HET
NA20334,16518157,HET
NA20334,16518451,HET
NA20334,16520268,HET
NA20334,16522386,HET
NA20334,16522817,HET
NA20334,16523730,HET
NA20334,16523848,HET
NA20334,16525590,HET
NA20334,16526383,HET
NA20334,16526485,HET
NA20334,16528060,HET
NA20334,16528441,HET
NA20334,16528995,HET
NA20334,16530228,HET
NA20334,16531941,HET
NA20334,16532046,HET
NA20334,16533604,HET
NA20334,16537357,HET
NA20334,16538427,HET
NA20334,16540702,HET
NA20334,16541963,HET
NA20334,16541972,HET
NA20334,16542224,HET
NA20334,16542692,HET
NA20334,16544863,HET
NA20334,16546581,HET
NA20334,16546880,HET
NA20334,16547278,HET
NA20334,16548755,HET
NA20334,16550811,HET
NA20334,16551355,HET
NA20334,16552793,HET
NA20334,16553221,HET
NA20334,16556883,HET
NA20334,16557172,HET
NA20334,16557757,HET
NA20334,16560103,HET
NA20334,16560113,HET
NA20334,16560118,HET
NA20334,16562954,HET
NA20334,16564036,HET
NA20334,16565478,HET
NA20334,16565610,HET
NA20334,16566779,HET
NA20334,16567449,HET
NA20334,16567802,HET
NA20334,16569712,HET
NA20334,16570734,HET
NA20334,16571243,HET
NA20334,16573733,HET
NA20334,16575221,HET
NA20334,16575576,HET
NA20334,16577075,HET
NA20334,16578265,HET
NA20334,16580254,HET
NA20334,16581158,HET
NA20334,16586715,HET
NA20334,16588095,HET
NA20334,16588968,HET
NA20334,16589430,HET
NA20334,16590351,HET
NA20334,16590657,HET
NA20334,16591627,HET
NA20334,16592721,HET
NA20334,16597156,HET
NA20334,16597928,HET
NA20334,16598482,HET
NA20334,16599136,HET
NA20334,16600763,HET
NA20334,16600783,HET
NA20334,16600923,HET
NA20334,16601556,HET
NA20334,16601574,HET
NA20334,16606329,HET
NA20334,16607993,HET
NA20334,16607994,HET
NA20334,16609466,HET
NA20334,16609600,HET
NA20334,16610844,HET
NA20334,16612141,HET
NA20334,16612757,HET
NA20334,16614145,HET
NA20334,16617627,HET
NA20334,16620667,HET
NA20334,16620701,HET
NA20334,16623273,HET
NA20334,16624210,HET
NA20334,16624702,HET
NA20334,16624726,HET
NA20334,16626327,HET
NA20334,16626474,HET
NA20334,16626992,HET
NA20334,16628321,HET
NA20334,16629378,HET
NA20334,16631921,HET
NA20334,16632403,HET
NA20334,16632632,HET
NA20334,16632893,HET
NA20334,16632974,HET
NA20334,16634706,HET
NA20334,16635569,HET
NA20334,16635765,HET
NA20334,16636057,HET
NA20334,16636560,HET
NA20334,16636563,HET
NA20334,16636637,HET
NA20334,16637483,HET
NA20334,16643385,HET
NA20334,16643454,HET
NA20334,16644797,HET
NA20334,16645294,HET
NA20334,16646091,HET
NA20334,16646656,HET
NA20334,16647426,HET
NA20334,16647946,HET
NA20334,16648273,HET
NA20334,16648278,HET
NA20334,16652333,HET
NA20334,16655918,HET
NA20334,16656792,HET
NA20334,16657810,HET
NA20334,16658046,HET
NA20334,16658056,HET
NA20334,16658105,HET
NA20334,16661566,HET
NA20334,16661725,HET
NA20334,16661781,HET
NA20334,16661786,HET
NA20334,16662049,HET
NA20334,16662219,HET
NA20334,16663648,HET
NA20334,16666750,HET
NA20334,16667546,HET
NA20334,16676255,HET
NA20334,16683487,HET
NA20334,16684239,HET
NA20334,16684358,HET
NA20334,16687386,HET
NA20334,16687476,HET
NA20334,16693184,HET
NA20334,16693423,HET
NA20334,16693647,HET
NA20334,16694137,HET
NA20334,16695829,HET
NA20334,16695882,HET
NA20334,16696307,HET
NA20334,16696590,HET
NA20334,16696591,HET
NA20334,16696637,HET
NA20334,16847963,HET
NA20334,16848015,HET
NA20334,16848165,HET
NA20334,16848337,HET
NA20334,16848470,HET
NA20334,16848493,HET
NA20334,16848520,HET
NA20334,16848573,HET
NA20334,16849030,HET
NA20334,16849105,HET
NA20334,16849535,HET
NA20334,16849573,HET
NA20334,16849681,HET
NA20334,16849725,HET
NA20334,16849843,HET
NA20334,16849871,HET
NA20334,16849933,HET
NA20334,16849941,HET
NA20334,16849971,HET
NA20334,16850089,HET
NA20334,16850115,HET
NA20334,16850164,HET
NA20334,16850281,HET
NA20334,16850297,HET
NA20334,16850437,HET
NA20334,16850463,HET
NA20334,16850671,HET
NA20334,16850676,HET
NA20334,16850744,HET
NA20334,16851053,HET
NA20334,16851079,HET
NA20334,16851081,HET
NA20334,16851088,HET
NA20334,16851108,HET
NA20334,16851125,HET
NA20334,16851141,HET
NA20334,16851225,HET
NA20334,16851356,HET
NA20334,16851489,HET
NA20334,16851640,HET
NA20334,16851673,HET
NA20334,16851796,HET
NA20334,16851822,HET
NA20334,16851899,HET
NA20334,16852303,HET
NA20334,16852312,HET
NA20334,16852652,HET
NA20334,16852667,HET
NA20334,16852683,HET
NA20334,16852820,HET
NA20334,16852835,HET
NA20334,16852914,HET
NA20334,16853019,HET
NA20334,16853055,HET
NA20334,16853071,HET
NA20334,16853122,HET
NA20334,16853178,HET
NA20334,16853218,HET
NA20334,16853231,HET
NA20334,16853232,HET
NA20334,16853399,HET
NA20334,16853425,HET
NA20334,16853625,HET
NA20334,16853948,HET
NA20334,16854064,HET
NA20334,16854330,HET
NA20334,16854396,HET
NA20334,16854435,HET
NA20334,16854448,HET
NA20334,16854565,HET
NA20334,16854617,HET
NA20334,16854643,HET
NA20334,16854652,HET
NA20334,16854792,HET
NA20334,16854831,HET
NA20334,16854859,HET
NA20334,16855160,HET
NA20334,16855274,HET
NA20334,16855350,HET
NA20334,16855366,HET
NA20334,16855476,HET
NA20334,16855563,HET
NA20334,16855618,HET
NA20334,16855677,HET
NA20334,16855731,HET
NA20334,16855764,HET
NA20334,16855904,HET
NA20334,16856181,HET
NA20334,16856188,HET
NA20334,16856465,HET
NA20334,16856544,HET
NA20334,16856609,HET
NA20334,16856672,HET
NA20334,16856803,HET
NA20334,16856809,HET
NA20334,16856878,HET
NA20334,16857015,HET
NA20334,16857035,HET
NA20334,16857041,HET
NA20334,16857140,HET
NA20334,16857165,HET
NA20334,16857414,HET
NA20334,16857418,HET
NA20334,16857422,HET
NA20334,16857510,HET
NA20334,16857943,HET
NA20334,16857983,HET
NA20334,16858076,HET
NA20334,16858191,HET
NA20334,16858218,HET
NA20334,16858219,HET
NA20334,16858253,HET
NA20334,16858364,HET
NA20334,16858472,HET
NA20334,16858684,HET
NA20334,16858723,HET
NA20334,16858843,HET
NA20334,16858863,HET
NA20334,16858968,HET
NA20334,16859182,HET
NA20334,16859254,HET
NA20334,16859301,HET
NA20334,16859311,HET
NA20334,16859587,HET
NA20334,16859704,HET
NA20334,16860036,HET
NA20334,16860066,HET
NA20334,16860139,HET
NA20334,16860228,HET
NA20334,16860257,HET
NA20334,16860258,HET
NA20334,16860336,HET
NA20334,16860360,HET
NA20334,16860413,HET
NA20334,16860442,HET
NA20334,16860496,HET
NA20334,16860617,HET
NA20334,16860752,HET
NA20334,16860767,HET
NA20334,16860813,HET
NA20334,16860967,HET
NA20334,16860985,HET
NA20334,16861056,HET
NA20334,16861182,HET
NA20334,16861246,HET
NA20334,16861293,HET
NA20334,16861450,HET
NA20334,16861577,HET
NA20334,16861592,HET
NA20334,16861595,HET
NA20334,16861599,HET
NA20334,16861648,HET
NA20334,16861786,HET
NA20334,16861919,HET
NA20334,16861975,HET
NA20334,16862057,HET
NA20334,16862213,HET
NA20334,16862223,HET
NA20334,16862226,HET
NA20334,16862282,HET
NA20334,16862335,HET
NA20334,16862531,HET
NA20334,16862729,HET
NA20334,16862889,HET
NA20334,16863070,HET
NA20334,16863378,HET
NA20334,16863454,HET
NA20334,16863815,HET
NA20334,16864090,HET
NA20334,16865028,HET
NA20334,16865032,HET
NA20334,16865450,HET
NA20334,16865510,HET
NA20334,16865596,HET
NA20334,16865803,HET
NA20334,16866339,HET
NA20334,16866749,HET
NA20334,16866894,HET
NA20334,16867061,HET
NA20334,16867414,HET
NA20334,16867451,HET
NA20334,16867535,HET
NA20334,16867625,HET
NA20334,16867938,HET
NA20334,16867958,HET
NA20334,16868142,HET
NA20334,16868143,HET
NA20334,16868195,HET
NA20334,16868364,HET
NA20334,16869223,HET
NA20334,16869511,HET
NA20334,16869617,HET
NA20334,16869694,HET
NA20334,16869959,HET
NA20334,16870055,HET
NA20334,16870108,HET
NA20334,16870162,HET
NA20334,16870214,HET
NA20334,16870251,HET
NA20334,16870381,HET
NA20334,16870393,HET
NA20334,16870425,HET
NA20334,16870561,HET
NA20334,16870764,HET
NA20334,16870890,HET
NA20334,16871080,HET
NA20334,16871133,HET
NA20334,16871137,HET
NA20334,16871318,HET
NA20334,16871440,HET
NA20334,16871463,HET
NA20334,16871709,HET
NA20334,16871863,HET
NA20334,16871885,HET
NA20334,16871903,HET
NA20334,16871951,HET
NA20334,16872281,HET
NA20334,16872643,HET
NA20334,16872891,HET
NA20334,16872904,HET
NA20334,16873122,HET
NA20334,16873140,HET
NA20334,16873226,HET
NA20334,16873251,HET
NA20334,16873461,HET
NA20334,16873715,HET
NA20334,16873867,HET
NA20334,16874667,HET
NA20334,16874715,HET
NA20334,16874741,HET
NA20334,16875195,HET
NA20334,16875538,HET
NA20334,16876216,HET
NA20334,16876253,HET
NA20334,16876292,HET
NA20334,16876305,HET
NA20334,16876566,HET
NA20334,16876585,HET
NA20334,16876681,HET
NA20334,16876715,HET
NA20334,16876839,HET
NA20334,16877230,HET
NA20334,16877315,HET
NA20334,16877799,HET
NA20334,16878039,HET
NA20334,16878326,HET
NA20334,16878365,HET
NA20334,16878423,HET
NA20334,16878882,HET
NA20334,16879056,HET
NA20334,16879151,HET
NA20334,16879530,HET
NA20334,16880072,HET
NA20334,16880098,HET
NA20334,16880230,HET
NA20334,16880437,HET
NA20334,16880730,HET
NA20334,16881071,HET
NA20334,16881679,HET
NA20334,16881807,HET
NA20334,16882123,HET
NA20334,16882354,HET
NA20334,16882357,HET
NA20334,16882991,HET
NA20334,16883615,HET
NA20334,16883930,HET
NA20334,16884494,HET
NA20334,16884830,HET
NA20334,16885946,HET
NA20334,16886254,HET
NA20334,16886255,HET
NA20334,16886873,HET
NA20334,16886974,HET
NA20334,16887279,HET
NA20334,16888212,HET
NA20334,16888300,HET
NA20334,16888577,HET
NA20334,16888637,HET
NA20334,16888900,HET
NA20334,16889414,HET
NA20334,16889828,HET
NA20334,16890125,HET
NA20334,16890296,HET
NA20334,16890718,HET
NA20334,16890804,HET
NA20334,16890816,HET
NA20334,16891989,HET
NA20334,16892613,HET
NA20334,16892858,HET
NA20334,16894090,HET
NA20334,16894196,HET
NA20334,16894264,HET
NA20334,16894392,HET
NA20334,16895246,HET
NA20334,16895382,HET
NA20334,16896468,HET
NA20334,16896762,HET
NA20334,16896895,HET
NA20334,16897621,HET
NA20334,16897762,HET
NA20334,16898281,HET
NA20334,16898290,HET
NA20334,16898389,HET
NA20334,16898935,HET
NA20334,16899626,HET
NA20334,16899636,HET
NA20334,16899663,HET
NA20334,16900134,HET
NA20334,16901048,HET
NA20334,16902425,HET
NA20334,16903413,HET
NA20334,16903536,HET
NA20334,16903845,HET
NA20334,16903921,HET
NA20334,16904056,HET
NA20334,16904979,HET
NA20334,16905526,HET
NA20334,16905630,HET
NA20334,16905757,HET
NA20334,16906273,HET
NA20334,16906282,HET
NA20334,16906466,HET
NA20334,16906517,HET
NA20334,16906790,HET
NA20334,16907486,HET
NA20334,16907946,HET
NA20334,16908145,HET
NA20334,16908214,HET
NA20334,16908441,HET
NA20334,16908514,HET
NA20334,16908526,HET
NA20334,16908689,HET
NA20334,16910205,HET
NA20334,16910503,HET
NA20334,16911053,HET
NA20334,16911828,HET
NA20334,16912530,HET
NA20334,16912792,HET
NA20334,16912915,HET
NA20334,16913308,HET
NA20334,16913399,HET
NA20334,16913536,HET
NA20334,16913788,HET
NA20334,16913831,HET
NA20334,16913843,HET
NA20334,16913858,HET
NA20334,16913973,HET
NA20334,16914208,HET
NA20334,16914628,HET
NA20334,16914738,HET
NA20334,16914941,HET
NA20334,16914962,HET
NA20334,16915215,HET
NA20334,16915280,HET
NA20334,16915428,HET
NA20334,16915596,HET
NA20334,16915616,HET
NA20334,16915705,HET
NA20334,16915998,HET
NA20334,16916571,HET
NA20334,16916698,HET
NA20334,16917028,HET
NA20334,16917857,HET
NA20334,16917903,HET
NA20334,16918023,HET
NA20334,16918335,HET
NA20334,16918406,HET
NA20334,16918469,HET
NA20334,16918867,HET
NA20334,16918898,HET
NA20334,16919536,HET
NA20334,16919927,HET
NA20334,16920269,HET
NA20334,16920434,HET
NA20334,16920668,HET
NA20334,16920731,HET
NA20334,16920958,HET
NA20334,16923059,HET
NA20334,16923356,HET
NA20334,16923361,HET
NA20334,16923693,HET
NA20334,16923711,HET
NA20334,16924803,HET
NA20334,16925866,HET
NA20334,16925870,HET
NA20334,16925910,HET
NA20334,16926009,HET
NA20334,16926333,HET
NA20334,16926896,HET
NA20334,16927519,HET
NA20334,16927705,HET
NA20334,16928360,HET
NA20334,16928476,HET
NA20334,16930122,HET
NA20334,16930184,HET
NA20334,16930252,HET
NA20334,16930573,HET
NA20334,16930851,HET
NA20334,16931869,HET
NA20334,16931947,HET
NA20334,16932130,HET
NA20334,16932408,HET
NA20334,16932410,HET
NA20334,16932440,HET
NA20334,16932517,HET
NA20334,16932565,HET
NA20334,16932678,HET
NA20334,16933140,HET
NA20334,16933929,HET
NA20334,16933993,HET
NA20334,16934374,HET
NA20334,16934385,HET
NA20334,16934613,HET
NA20334,16934657,HET
NA20334,16935084,HET
NA20334,16935355,HET
NA20334,16935528,HET
NA20334,16935609,HET
NA20334,16935663,HET
NA20334,16936090,HET
NA20334,16936369,HET
NA20334,16936412,HET
NA20334,16936451,HET
NA20334,16936600,HET
NA20334,16937123,HET
NA20334,16937131,HET
NA20334,16937715,HET
NA20334,16938155,HET
NA20334,16938183,HET
NA20334,16938376,HET
NA20334,16938961,HET
NA20334,16939256,HET
NA20334,16939604,HET
NA20334,16939838,HET
NA20334,16941186,HET
NA20334,16941398,HET
NA20334,16941709,HET
NA20334,16942072,HET
NA20334,16942673,HET
NA20334,16942941,HET
NA20334,16943612,HET
NA20334,16944123,HET
NA20334,16944686,HET
NA20334,16944695,HET
NA20334,16945045,HET
NA20334,16945602,HET
NA20334,16946586,HET
NA20334,16946860,HET
NA20334,16947183,HET
NA20334,16947481,HET
NA20334,16947544,HET
NA20334,16948732,HET
NA20334,16948810,HET
NA20334,16948947,HET
NA20334,16949797,HET
NA20334,16950229,HET
NA20334,16950364,HET
NA20334,16950404,HET
NA20334,16951509,HET
NA20334,16951562,HET
NA20334,16951599,HET
NA20334,16951755,HET
NA20334,16951942,HET
NA20334,16951974,HET
NA20334,16952978,HET
NA20334,16953120,HET
NA20334,16953560,HET
NA20334,16953727,HET
NA20334,16954191,HET
NA20334,16955079,HET
NA20334,16955480,HET
NA20334,16955588,HET
NA20334,16956141,HET
NA20334,16956415,HET
NA20334,16956560,HET
NA20334,16956997,HET
NA20334,16957017,HET
NA20334,16957305,HET
NA20334,16957339,HET
NA20334,16957902,HET
NA20334,16958009,HET
NA20334,16958051,HET
NA20334,16958277,HET
NA20334,16958616,HET
NA20334,16958950,HET
NA20334,16959043,HET
NA20334,16959362,HET
NA20334,16959657,HET
NA20334,16960113,HET
NA20334,16960469,HET
NA20334,16960574,HET
NA20334,16960666,HET
NA20334,16960799,HET
NA20334,16961980,HET
NA20334,16962044,HET
NA20334,16962103,HET
NA20334,16962868,HET
NA20334,16963545,HET
NA20334,16964028,HET
NA20334,16964030,HET
NA20334,16964032,HET
NA20334,16964487,HET
NA20334,16965224,HET
NA20334,16965490,HET
NA20334,16967698,HET
NA20334,16972435,HET
NA20334,16976051,HET
NA20334,16976054,HET
NA20334,16986934,HET
NA20334,16987319,HET
NA20351,16052167,HET
NA20351,16053659,HET
NA20351,16053791,HET
NA20351,16054740,HET
NA20351,16055942,HET
NA20351,16058766,HET
NA20351,16058767,HET
NA20351,16058883,HET
NA20351,16060513,HET
NA20351,16060515,HET
NA20351,16060517,HET
NA20351,16060567,HET
NA20351,16060797,HET
NA20351,16061016,HET
NA20351,16061992,HET
NA20351,16063154,HET
NA20351,16064992,HET
NA20351,16067208,HET
NA20351,16067462,HET
NA20351,16067500,HET
NA20351,16067693,HET
NA20351,16067719,HET
NA20351,16069141,HET
NA20351,16069707,HET
NA20351,16069771,HET
NA20351,16069783,HET
NA20351,16070517,HET
NA20351,16071624,HET
NA20351,16072581,HET
NA20351,16074105,HET
NA20351,16080694,HET
NA20351,16085591,HET
NA20351,16105128,HET
NA20351,16106333,HET
NA20351,16113892,HET
NA20351,16115374,HET
NA20351,16122005,HET
NA20351,16123252,HET
NA20351,16123469,HET
NA20351,16123812,HET
NA20351,16123813,HET
NA20351,16136566,HET
NA20351,16139153,HET
NA20351,16140792,HET
NA20351,16144238,HET
NA20351,16145649,HET
NA20351,16147892,HET
NA20351,16149743,HET
NA20351,16150589,HET
NA20351,16152606,HET
NA20351,16154477,HET
NA20351,16154873,HET
NA20351,16155223,HET
NA20351,16155259,HET
NA20351,16157622,HET
NA20351,16159060,HET
NA20351,16163115,HET
NA20351,16168542,HET
NA20351,16168653,HET
NA20351,16168865,HET
NA20351,16168874,HET
NA20351,16176926,HET
NA20351,16177740,HET
NA20351,16185876,HET
NA20351,16194707,HET
NA20351,16201114,HET
NA20351,16202170,HET
NA20351,16208767,HET
NA20351,16208885,HET
NA20351,16211244,HET
NA20351,16211246,HET
NA20351,16212250,HET
NA20351,16212410,HET
NA20351,16212732,HET
NA20351,16215888,HET
NA20351,16218389,HET
NA20351,16219267,HET
NA20351,16219643,HET
NA20351,16219898,HET
NA20351,16225508,HET
NA20351,16228619,HET
NA20351,16228759,HET
NA20351,16229148,HET
NA20351,16231371,HET
NA20351,16231930,HET
NA20351,16235732,HET
NA20351,16240357,HET
NA20351,16240905,HET
NA20351,16241858,HET
NA20351,16241887,HET
NA20351,16242273,HET
NA20351,16242601,HET
NA20351,16242751,HET
NA20351,16245839,HET
NA20351,16246005,HET
NA20351,16248430,HET
NA20351,16252197,HET
NA20351,16252281,HET
NA20351,16252413,HET
NA20351,16252532,HET
NA20351,16252594,HET
NA20351,16252726,HET
NA20351,16255517,HET
NA20351,16255645,HET
NA20351,16255710,HET
NA20351,16255935,HET
NA20351,16257707,HET
NA20351,16260678,HET
NA20351,16264717,HET
NA20351,16265075,HET
NA20351,16267558,HET
NA20351,16269466,HET
NA20351,16269779,HET
NA20351,16269827,HET
NA20351,16269829,HET
NA20351,16271182,HET
NA20351,16274073,YRI
NA20351,16274480,YRI
NA20351,16277622,YRI
NA20351,16277634,YRI
NA20351,16278260,YRI
NA20351,16279068,YRI
NA20351,16279319,YRI
NA20351,16281148,YRI
NA20351,16281943,YRI
NA20351,16283300,YRI
NA20351,16285350,YRI
NA20351,16285954,YRI
NA20351,16286465,YRI
NA20351,16286468,YRI
NA20351,16287155,YRI
NA20351,16288075,YRI
NA20351,16288739,YRI
NA20351,16288742,YRI
NA20351,16289275,YRI
NA20351,16289673,YRI
NA20351,16290704,YRI
NA20351,16297012,YRI
NA20351,16297800,YRI
NA20351,16302297,YRI
NA20351,16302641,YRI
NA20351,16305466,YRI
NA20351,16305499,YRI
NA20351,16309704,YRI
NA20351,16309752,YRI
NA20351,16314967,YRI
NA20351,16319620,YRI
NA20351,16319835,YRI
NA20351,16320336,YRI
NA20351,16320341,YRI
NA20351,16320344,YRI
NA20351,16340551,YRI
NA20351,16341116,YRI
NA20351,16341494,YRI
NA20351,16341685,YRI
NA20351,16341826,YRI
NA20351,16344345,YRI
NA20351,16352391,YRI
NA20351,16352455,YRI
NA20351,16357433,YRI
NA20351,16357846,YRI
NA20351,16359545,YRI
NA20351,16360162,YRI
NA20351,16364923,YRI
NA20351,16365289,YRI
NA20351,16366264,YRI
NA20351,16366285,YRI
NA20351,16367079,YRI
NA20351,16367258,YRI
NA20351,16368614,YRI
NA20351,16369010,YRI
NA20351,16372719,YRI
NA20351,16373581,YRI
NA20351,16375761,YRI
NA20351,16384531,YRI
NA20351,16384557,YRI
NA20351,16388301,YRI
NA20351,16393311,YRI
NA20351,16393312,YRI
NA20351,16396276,YRI
NA20351,16399159,YRI
NA20351,16399162,YRI
NA20351,16399495,YRI
NA20351,16399595,YRI
NA20351,16400397,YRI
NA20351,16400487,YRI
NA20351,16402296,YRI
NA20351,16404002,YRI
NA20351,16404003,YRI
NA20351,16404838,YRI
NA20351,16407120,YRI
NA20351,16407329,YRI
NA20351,16409097,YRI
NA20351,16409312,YRI
NA20351,16409671,YRI
NA20351,16412969,YRI
NA20351,16413241,YRI
NA20351,16414678,YRI
NA20351,16414787,YRI
NA20351,16415662,YRI
NA20351,16415815,YRI
NA20351,16419618,YRI
NA20351,16423527,YRI
NA20351,16425814,YRI
NA20351,16428299,YRI
NA20351,16428507,YRI
NA20351,16429472,YRI
NA20351,16432905,YRI
NA20351,16434935,YRI
NA20351,16438164,YRI
NA20351,16439926,YRI
NA20351,16440561,YRI
NA20351,16442964,YRI
NA20351,16442974,YRI
NA20351,16445153,YRI
NA20351,16447985,YRI
NA20351,16448899,YRI
NA20351,16449050,YRI
NA20351,16451245,YRI
NA20351,16459587,YRI
NA20351,16460869,YRI
NA20351,16462467,YRI
NA20351,16463039,YRI
NA20351,16464422,YRI
NA20351,16464716,YRI
NA20351,16471042,YRI
NA20351,16471151,YRI
NA20351,16471461,YRI
NA20351,16472000,YRI
NA20351,16473813,YRI
NA20351,16474550,YRI
NA20351,16477171,YRI
NA20351,16477393,YRI
NA20351,16477443,YRI
NA20351,16477881,YRI
NA20351,16478236,YRI
NA20351,16480424,YRI
NA20351,16482550,YRI
NA20351,16483979,YRI
NA20351,16485091,YRI
NA20351,16485891,YRI
NA20351,16486018,YRI
NA20351,16487825,YRI
NA20351,16488637,YRI
NA20351,16488814,YRI
NA20351,16489239,YRI
NA20351,16489705,YRI
NA20351,16489959,YRI
NA20351,16490252,YRI
NA20351,16490618,YRI
NA20351,16491206,YRI
NA20351,16492204,YRI
NA20351,16496595,YRI
NA20351,16498387,YRI
NA20351,16498643,YRI
NA20351,16499220,YRI
NA20351,16501803,YRI
NA20351,16502808,YRI
NA20351,16504399,YRI
NA20351,16504491,YRI
NA20351,16504500,YRI
NA20351,16509047,YRI
NA20351,16511719,YRI
NA20351,16512007,YRI
NA20351,16512519,YRI
NA20351,16512564,YRI
NA20351,16514160,YRI
NA20351,16514951,YRI
NA20351,16515973,YRI
NA20351,16517477,YRI
NA20351,16518157,YRI
NA20351,16518451,YRI
NA20351,16520268,YRI
NA20351,16522386,YRI
NA20351,16522817,YRI
NA20351,16523730,YRI
NA20351,16523848,YRI
NA20351,16525590,YRI
NA20351,16526383,YRI
NA20351,16526485,YRI
NA20351,16528060,YRI
NA20351,16528441,YRI
NA20351,16528995,YRI
NA20351,16530228,YRI
NA20351,16531941,YRI
NA20351,16532046,YRI
NA20351,16533604,YRI
NA20351,16537357,YRI
NA20351,16538427,YRI
NA20351,16540702,YRI
NA20351,16541963,YRI
NA20351,16541972,YRI
NA20351,16542224,YRI
NA20351,16542692,YRI
NA20351,16544863,YRI
NA20351,16546581,YRI
NA20351,16546880,YRI
NA20351,16547278,YRI
NA20351,16548755,YRI
NA20351,16550811,YRI
NA20351,16551355,YRI
NA20351,16552793,YRI
NA20351,16553221,YRI
NA20351,16556883,YRI
NA20351,16557172,YRI
NA20351,16557757,YRI
NA20351,16560103,YRI
NA20351,16560113,YRI
NA20351,16560118,YRI
NA20351,16562954,YRI
NA20351,16564036,YRI
NA20351,16565478,YRI
NA20351,16565610,YRI
NA20351,16566779,YRI
NA20351,16567449,YRI
NA20351,16567802,YRI
NA20351,16569712,YRI
NA20351,16570734,YRI
NA20351,16571243,YRI
NA20351,16573733,YRI
NA20351,16575221,YRI
NA20351,16575576,YRI
NA20351,16577075,YRI
NA20351,16578265,YRI
NA20351,16580254,YRI
NA20351,16581158,YRI
NA20351,16586715,YRI
NA20351,16588095,YRI
NA20351,16588968,YRI
NA20351,16589430,YRI
NA20351,16590351,YRI
NA20351,16590657,YRI
NA20351,16591627,YRI
NA20351,16592721,YRI
NA20351,16597156,YRI
NA20351,16597928,YRI
NA20351,16598482,YRI
NA20351,16599136,YRI
NA20351,16600763,YRI
NA20351,16600783,YRI
NA20351,16600923,YRI
NA20351,16601556,YRI
NA20351,16601574,YRI
NA20351,16606329,YRI
NA20351,16607993,YRI
NA20351,16607994,YRI
NA20351,16609466,YRI
NA20351,16609600,YRI
NA20351,16610844,YRI
NA20351,16612141,YRI
NA20351,16612757,YRI
NA20351,16614145,YRI
NA20351,16617627,YRI
NA20351,16620667,YRI
NA20351,16620701,YRI
NA20351,16623273,YRI
NA20351,16624210,YRI
NA20351,16624702,YRI
NA20351,16624726,YRI
NA20351,16626327,YRI
NA20351,16626474,YRI
NA20351,16626992,YRI
NA20351,16628321,YRI
NA20351,16629378,YRI
NA20351,16631921,YRI
NA20351,16632403,YRI
NA20351,16632632,YRI
NA20351,16632893,YRI
NA20351,16632974,YRI
NA20351,16634706,YRI
NA20351,16635569,YRI
NA20351,16635765,YRI
NA20351,16636057,YRI
NA20351,16636560,YRI
NA20351,16636563,YRI
NA20351,16636637,YRI
NA20351,16637483,YRI
NA20351,16643385,YRI
NA20351,16643454,YRI
NA20351,16644797,YRI
NA20351,16645294,YRI
NA20351,16646091,YRI
NA20351,16646656,YRI
NA20351,16647426,YRI
NA20351,16647946,YRI
NA20351,16648273,YRI
NA20351,16648278,YRI
NA20351,16652333,YRI
NA20351,16655918,YRI
NA20351,16656792,YRI
NA20351,16657810,YRI
NA20351,16658046,YRI
NA20351,16658056,YRI
NA20351,16658105,YRI
NA20351,16661566,YRI
NA20351,16661725,YRI
NA20351,16661781,YRI
NA20351,16661786,YRI
NA20351,16662049,YRI
NA20351,16662219,YRI
NA20351,16663648,YRI
NA20351,16666750,YRI
NA20351,16667546,YRI
NA20351,16676255,YRI
NA20351,16683487,YRI
NA20351,16684239,YRI
NA20351,16684358,YRI
NA20351,16687386,YRI
NA20351,16687476,YRI
NA20351,16693184,YRI
NA20351,16693423,YRI
NA20351,16693647,YRI
NA20351,16694137,YRI
NA20351,16695829,YRI
NA20351,16695882,YRI
NA20351,16696307,YRI
NA20351,16696590,YRI
NA20351,16696591,YRI
NA20351,16696637,YRI
NA20351,16847963,YRI
NA20351,16848015,YRI
NA20351,16848165,YRI
NA20351,16848337,YRI
NA20351,16848470,YRI
NA20351,16848493,YRI
NA20351,16848520,YRI
NA20351,16848573,YRI
NA20351,16849030,YRI
NA20351,16849105,YRI
NA20351,16849535,YRI
NA20351,16849573,YRI
NA20351,16849681,YRI
NA20351,16849725,YRI
NA20351,16849843,YRI
NA20351,16849871,YRI
NA20351,16849933,YRI
NA20351,16849941,YRI
NA20351,16849971,YRI
NA20351,16850089,YRI
NA20351,16850115,YRI
NA20351,16850164,YRI
NA20351,16850281,YRI
NA20351,16850297,YRI
NA20351,16850437,YRI
NA20351,16850463,YRI
NA20351,16850671,YRI
NA20351,16850676,YRI
NA20351,16850744,YRI
NA20351,16851053,YRI
NA20351,16851079,YRI
NA20351,16851081,YRI
NA20351,16851088,YRI
NA20351,16851108,YRI
NA20351,16851125,YRI
NA20351,16851141,YRI
NA20351,16851225,YRI
NA20351,16851356,YRI
NA20351,16851489,YRI
NA20351,16851640,YRI
NA20351,16851673,YRI
NA20351,16851796,YRI
NA20351,16851822,YRI
NA20351,16851899,YRI
NA20351,16852303,YRI
NA20351,16852312,YRI
NA20351,16852652,YRI
NA20351,16852667,YRI
NA20351,16852683,YRI
NA20351,16852820,YRI
NA20351,16852835,YRI
NA20351,16852914,YRI
NA20351,16853019,YRI
NA20351,16853055,YRI
NA20351,16853071,YRI
NA20351,16853122,YRI
NA20351,16853178,YRI
NA20351,16853218,YRI
NA20351,16853231,YRI
NA20351,16853232,YRI
NA20351,16853399,YRI
NA20351,16853425,YRI
NA20351,16853625,YRI
NA20351,16853948,YRI
NA20351,16854064,YRI
NA20351,16854330,YRI
NA20351,16854396,YRI
NA20351,16854435,YRI
NA20351,16854448,YRI
NA20351,16854565,YRI
NA20351,16854617,YRI
NA20351,16854643,YRI
NA20351,16854652,YRI
NA20351,16854792,YRI
NA20351,16854831,YRI
NA20351,16854859,YRI
NA20351,16855160,YRI
NA20351,16855274,YRI
NA20351,16855350,YRI
NA20351,16855366,YRI
NA20351,16855476,YRI
NA20351,16855563,YRI
NA20351,16855618,YRI
NA20351,16855677,YRI
NA20351,16855731,YRI
NA20351,16855764,YRI
NA20351,16855904,YRI
NA20351,16856181,YRI
NA20351,16856188,YRI
NA20351,16856465,YRI
NA20351,16856544,YRI
NA20351,16856609,YRI
NA20351,16856672,YRI
NA20351,16856803,YRI
NA20351,16856809,YRI
NA20351,16856878,YRI
NA20351,16857015,YRI
NA20351,16857035,YRI
NA20351,16857041,YRI
NA20351,16857140,YRI
NA20351,16857165,YRI
NA20351,16857414,YRI
NA20351,16857418,YRI
NA20351,16857422,YRI
NA20351,16857510,YRI
NA20351,16857943,YRI
NA20351,16857983,YRI
NA20351,16858076,YRI
NA20351,16858191,YRI
NA20351,16858218,YRI
NA20351,16858219,YRI
NA20351,16858253,YRI
NA20351,16858364,YRI
NA20351,16858472,YRI
NA20351,16858684,YRI
NA20351,16858723,YRI
NA20351,16858843,YRI
NA20351,16858863,YRI
NA20351,16858968,YRI
NA20351,16859182,YRI
NA20351,16859254,YRI
NA20351,16859301,YRI
NA20351,16859311,YRI
NA20351,16859587,YRI
NA20351,16859704,YRI
NA20351,16860036,YRI
NA20351,16860066,YRI
NA20351,16860139,YRI
NA20351,16860228,YRI
NA20351,16860257,YRI
NA20351,16860258,YRI
NA20351,16860336,YRI
NA20351,16860360,YRI
NA20351,16860413,YRI
NA20351,16860442,YRI
NA20351,16860496,YRI
NA20351,16860617,YRI
NA20351,16860752,YRI
NA20351,16860767,YRI
NA20351,16860813,YRI
NA20351,16860967,YRI
NA20351,16860985,YRI
NA20351,16861056,YRI
NA20351,16861182,YRI
NA20351,16861246,YRI
NA20351,16861293,YRI
NA20351,16861450,YRI
NA20351,16861577,YRI
NA20351,16861592,YRI
NA20351,16861595,YRI
NA20351,16861599,YRI
NA20351,16861648,YRI
NA20351,16861786,YRI
NA20351,16861919,YRI
NA20351,16861975,YRI
NA20351,16862057,YRI
NA20351,16862213,YRI
NA20351,16862223,YRI
NA20351,16862226,YRI
NA20351,16862282,YRI
NA20351,16862335,YRI
NA20351,16862531,YRI
NA20351,16862729,YRI
NA20351,16862889,YRI
NA20351,16863070,YRI
NA20351,16863378,YRI
NA20351,16863454,YRI
NA20351,16863815,YRI
NA20351,16864090,YRI
NA20351,16865028,YRI
NA20351,16865032,YRI
NA20351,16865450,YRI
NA20351,16865510,YRI
NA20351,16865596,YRI
NA20351,16865803,YRI
NA20351,16866339,YRI
NA20351,16866749,YRI
NA20351,16866894,YRI
NA20351,16867061,YRI
NA20351,16867414,YRI
NA20351,16867451,YRI
NA20351,16867535,YRI
NA20351,16867625,YRI
NA20351,16867938,YRI
NA20351,16867958,YRI
NA20351,16868142,YRI
NA20351,16868143,YRI
NA20351,16868195,YRI
NA20351,16868364,YRI
NA20351,16869223,YRI
NA20351,16869511,YRI
NA20351,16869617,YRI
NA20351,16869694,YRI
NA20351,16869959,YRI
NA20351,16870055,YRI
NA20351,16870108,YRI
NA20351,16870162,YRI
NA20351,16870214,YRI
NA20351,16870251,YRI
NA20351,16870381,YRI
NA20351,16870393,YRI
NA20351,16870425,YRI
NA20351,16870561,YRI
NA20351,16870764,YRI
NA20351,16870890,YRI
NA20351,16871080,YRI
NA20351,16871133,YRI
NA20351,16871137,YRI
NA20351,16871318,YRI
NA20351,16871440,YRI
NA20351,16871463,YRI
NA20351,16871709,YRI
NA20351,16871863,YRI
NA20351,16871885,YRI
NA20351,16871903,YRI
NA20351,16871951,YRI
NA20351,16872281,YRI
NA20351,16872643,YRI
NA20351,16872891,YRI
NA20351,16872904,YRI
NA20351,16873122,YRI
NA20351,16873140,YRI
NA20351,16873226,YRI
NA20351,16873251,YRI
NA20351,16873461,YRI
NA20351,16873715,YRI
NA20351,16873867,YRI
NA20351,16874667,YRI
NA20351,16874715,YRI
NA20351,16874741,YRI
NA20351,16875195,YRI
NA20351,16875538,YRI
NA20351,16876216,YRI
NA20351,16876253,YRI
NA20351,16876292,YRI
NA20351,16876305,YRI
NA20351,16876566,YRI
NA20351,16876585,YRI
NA20351,16876681,YRI
NA20351,16876715,YRI
NA20351,16876839,YRI
NA20351,16877230,YRI
NA20351,16877315,YRI
NA20351,16877799,YRI
NA20351,16878039,YRI
NA20351,16878326,YRI
NA20351,16878365,YRI
NA20351,16878423,YRI
NA20351,16878882,YRI
NA20351,16879056,YRI
NA20351,16879151,YRI
NA20351,16879530,YRI
NA20351,16880072,YRI
NA20351,16880098,YRI
NA20351,16880230,YRI
NA20351,16880437,YRI
NA20351,16880730,YRI
NA20351,16881071,YRI
NA20351,16881679,YRI
NA20351,16881807,YRI
NA20351,16882123,YRI
NA20351,16882354,YRI
NA20351,16882357,YRI
NA20351,16882991,YRI
NA20351,16883615,YRI
NA20351,16883930,YRI
NA20351,16884494,YRI
NA20351,16884830,YRI
NA20351,16885946,YRI
NA20351,16886254,YRI
NA20351,16886255,YRI
NA20351,16886873,YRI
NA20351,16886974,YRI
NA20351,16887279,YRI
NA20351,16888212,YRI
NA20351,16888300,YRI
NA20351,16888577,YRI
NA20351,16888637,YRI
NA20351,16888900,YRI
NA20351,16889414,YRI
NA20351,16889828,YRI
NA20351,16890125,YRI
NA20351,16890296,YRI
NA20351,16890718,YRI
NA20351,16890804,YRI
NA20351,16890816,YRI
NA20351,16891989,YRI
NA20351,16892613,YRI
NA20351,16892858,YRI
NA20351,16894090,YRI
NA20351,16894196,YRI
NA20351,16894264,YRI
NA20351,16894392,YRI
NA20351,16895246,YRI
NA20351,16895382,YRI
NA20351,16896468,YRI
NA20351,16896762,YRI
NA20351,16896895,YRI
NA20351,16897621,YRI
NA20351,16897762,YRI
NA20351,16898281,YRI
NA20351,16898290,YRI
NA20351,16898389,YRI
NA20351,16898935,YRI
NA20351,16899626,YRI
NA20351,16899636,YRI
NA20351,16899663,YRI
NA20351,16900134,YRI
NA20351,16901048,YRI
NA20351,16902425,YRI
NA20351,16903413,YRI
NA20351,16903536,YRI
NA20351,16903845,YRI
NA20351,16903921,YRI
NA20351,16904056,YRI
NA20351,16904979,YRI
NA20351,16905526,YRI
NA20351,16905630,YRI
NA20351,16905757,YRI
NA20351,16906273,YRI
NA20351,16906282,YRI
NA20351,16906466,YRI
NA20351,16906517,YRI
NA20351,16906790,YRI
NA20351,16907486,YRI
NA20351,16907946,YRI
NA20351,16908145,YRI
NA20351,16908214,YRI
NA20351,16908441,YRI
NA20351,16908514,YRI
NA20351,16908526,YRI
NA20351,16908689,YRI
NA20351,16910205,YRI
NA20351,16910503,YRI
NA20351,16911053,YRI
NA20351,16911828,YRI
NA20351,16912530,YRI
NA20351,16912792,YRI
NA20351,16912915,YRI
NA20351,16913308,YRI
NA20351,16913399,YRI
NA20351,16913536,YRI
NA20351,16913788,YRI
NA20351,16913831,YRI
NA20351,16913843,YRI
NA20351,16913858,YRI
NA20351,16913973,YRI
NA20351,16914208,YRI
NA20351,16914628,YRI
NA20351,16914738,YRI
NA20351,16914941,YRI
NA20351,16914962,YRI
NA20351,16915215,YRI
NA20351,16915280,YRI
NA20351,16915428,YRI
NA20351,16915596,YRI
NA20351,16915616,YRI
NA20351,16915705,YRI
NA20351,16915998,YRI
NA20351,16916571,YRI
NA20351,16916698,YRI
NA20351,16917028,YRI
NA20351,16917857,YRI
NA20351,16917903,YRI
NA20351,16918023,YRI
NA20351,16918335,YRI
NA20351,16918406,YRI
NA20351,16918469,YRI
NA20351,16918867,YRI
NA20351,16918898,YRI
NA20351,16919536,YRI
NA20351,16919927,YRI
NA20351,16920269,YRI
NA20351,16920434,YRI
NA20351,16920668,YRI
NA20351,16920731,YRI
NA20351,16920958,YRI
NA20351,16923059,YRI
NA20351,16923356,YRI
NA20351,16923361,YRI
NA20351,16923693,YRI
NA20351,16923711,YRI
NA20351,16924803,YRI
NA20351,16925866,YRI
NA20351,16925870,YRI
NA20351,16925910,YRI
NA20351,16926009,YRI
NA20351,16926333,YRI
NA20351,16926896,YRI
NA20351,16927519,YRI
NA20351,16927705,YRI
NA20351,16928360,YRI
NA20351,16928476,YRI
NA20351,16930122,YRI
NA20351,16930184,YRI
NA20351,16930252,YRI
NA20351,16930573,YRI
NA20351,16930851,YRI
NA20351,16931869,YRI
NA20351,16931947,YRI
NA20351,16932130,YRI
NA20351,16932408,YRI
NA20351,16932410,YRI
NA20351,16932440,YRI
NA20351,16932517,YRI
NA20351,16932565,YRI
NA20351,16932678,YRI
NA20351,16933140,YRI
NA20351,16933929,YRI
NA20351,16933993,YRI
NA20351,16934374,YRI
NA20351,16934385,YRI
NA20351,16934613,YRI
NA20351,16934657,YRI
NA20351,16935084,YRI
NA20351,16935355,YRI
NA20351,16935528,YRI
NA20351,16935609,YRI
NA20351,16935663,YRI
NA20351,16936090,YRI
NA20351,16936369,YRI
NA20351,16936412,YRI
NA20351,16936451,YRI
NA20351,16936600,YRI
NA20351,16937123,YRI
NA20351,16937131,YRI
NA20351,16937715,YRI
NA20351,16938155,YRI
NA20351,16938183,YRI
NA20351,16938376,YRI
NA20351,16938961,YRI
NA20351,16939256,YRI
NA20351,16939604,YRI
NA20351,16939838,YRI
NA20351,16941186,YRI
NA20351,16941398,YRI
NA20351,16941709,YRI
NA20351,16942072,YRI
NA20351,16942673,YRI
NA20351,16942941,YRI
NA20351,16943612,YRI
NA20351,16944123,YRI
NA20351,16944686,YRI
NA20351,16944695,YRI
NA20351,16945045,YRI
NA20351,16945602,YRI
NA20351,16946586,YRI
NA20351,16946860,YRI
NA20351,16947183,YRI
NA20351,16947481,YRI
NA20351,16947544,YRI
NA20351,16948732,YRI
NA20351,16948810,YRI
NA20351,16948947,YRI
NA20351,16949797,YRI
NA20351,16950229,YRI
NA20351,16950364,YRI
NA20351,16950404,YRI
NA20351,16951509,YRI
NA20351,16951562,YRI
NA20351,16951599,YRI
NA20351,16951755,YRI
NA20351,16951942,YRI
NA20351,16951974,YRI
NA20351,16952978,YRI
NA20351,16953120,YRI
NA20351,16953560,YRI
NA20351,16953727,YRI
NA20351,16954191,YRI
NA20351,16955079,YRI
NA20351,16955480,YRI
NA20351,16955588,YRI
NA20351,16956141,YRI
NA20351,16956415,YRI
NA20351,16956560,YRI
NA20351,16956997,YRI
NA20351,16957017,YRI
NA20351,16957305,YRI
NA20351,16957339,YRI
NA20351,16957902,YRI
NA20351,16958009,YRI
NA20351,16958051,YRI
NA20351,16958277,YRI
NA20351,16958616,YRI
NA20351,16958950,YRI
NA20351,16959043,YRI
NA20351,16959362,YRI
NA20351,16959657,YRI
NA20351,16960113,YRI
NA20351,16960469,YRI
NA20351,16960574,YRI
NA20351,16960666,YRI
NA20351,16960799,YRI
NA20351,16961980,YRI
NA20351,16962044,YRI
NA20351,16962103,YRI
NA20351,16962868,YRI
NA20351,16963545,YRI
NA20351,16964028,YRI
NA20351,16964030,YRI
NA20351,16964032,YRI
NA20351,16964487,YRI
NA20351,16965224,YRI
NA20351,16965490,YRI
NA20351,16967698,YRI
NA20351,16972435,YRI
NA20351,16976051,YRI
NA20351,16976054,YRI
NA20351,16986934,YRI
NA20351,16987319,YRI
NA20356,16052167,YRI
NA20356,16053659,YRI
NA20356,16053791,YRI
NA20356,16054740,YRI
NA20356,16055942,YRI
NA20356,16058766,YRI
NA20356,16058767,YRI
NA20356,16058883,YRI
NA20356,16060513,YRI
NA20356,16060515,YRI
NA20356,16060517,YRI
NA20356,16060567,YRI
NA20356,16060797,YRI
NA20356,16061016,YRI
NA20356,16061992,YRI
NA20356,16063154,YRI
NA20356,16064992,YRI
NA20356,16067208,YRI
NA20356,16067462,YRI
NA20356,16067500,YRI
NA20356,16067693,YRI
NA20356,16067719,YRI
NA20356,16069141,YRI
NA20356,16069707,YRI
NA20356,16069771,YRI
NA20356,16069783,YRI
NA20356,16070517,YRI
NA20356,16071624,YRI
NA20356,16072581,YRI
NA20356,16074105,YRI
NA20356,16080694,YRI
NA20356,16085591,YRI
NA20356,16105128,YRI
NA20356,16106333,YRI
NA20356,16113892,YRI
NA20356,16115374,YRI
NA20356,16122005,YRI
NA20356,16123252,YRI
NA20356,16123469,YRI
NA20356,16123812,YRI
NA20356,16123813,YRI
NA20356,16136566,YRI
NA20356,16139153,YRI
NA20356,16140792,YRI
NA20356,16144238,YRI
NA20356,16145649,YRI
NA20356,16147892,YRI
NA20356,16149743,YRI
NA20356,16150589,YRI
NA20356,16152606,YRI
NA20356,16154477,YRI
NA20356,16154873,YRI
NA20356,16155223,YRI
NA20356,16155259,YRI
NA20356,16157622,YRI
NA20356,16159060,YRI
NA20356,16163115,YRI
NA20356,16168542,YRI
NA20356,16168653,YRI
NA20356,16168865,YRI
NA20356,16168874,YRI
NA20356,16176926,YRI
NA20356,16177740,YRI
NA20356,16185876,YRI
NA20356,16194707,YRI
NA20356,16201114,YRI
NA20356,16202170,YRI
NA20356,16208767,YRI
NA20356,16208885,YRI
NA20356,16211244,YRI
NA20356,16211246,YRI
NA20356,16212250,YRI
NA20356,16212410,YRI
NA20356,16212732,YRI
NA20356,16215888,YRI
NA20356,16218389,YRI
NA20356,16219267,YRI
NA20356,16219643,YRI
NA20356,16219898,YRI
NA20356,16225508,YRI
NA20356,16228619,YRI
NA20356,16228759,YRI
NA20356,16229148,YRI
NA20356,16231371,YRI
NA20356,16231930,YRI
NA20356,16235732,YRI
NA20356,16240357,YRI
NA20356,16240905,YRI
NA20356,16241858,YRI
NA20356,16241887,YRI
NA20356,16242273,YRI
NA20356,16242601,YRI
NA20356,16242751,YRI
NA20356,16245839,YRI
NA20356,16246005,YRI
NA20356,16248430,YRI
NA20356,16252197,YRI
NA20356,16252281,YRI
NA20356,16252413,YRI
NA20356,16252532,YRI
NA20356,16252594,YRI
NA20356,16252726,YRI
NA20356,16255517,YRI
NA20356,16255645,YRI
NA20356,16255710,YRI
NA20356,16255935,YRI
NA20356,16257707,YRI
NA20356,16260678,YRI
NA20356,16264717,YRI
NA20356,16265075,YRI
NA20356,16267558,YRI
NA20356,16269466,YRI
NA20356,16269779,YRI
NA20356,16269827,YRI
NA20356,16269829,YRI
NA20356,16271182,YRI
NA20356,16274073,YRI
NA20356,16274480,YRI
NA20356,16277622,YRI
NA20356,16277634,YRI
NA20356,16278260,YRI
NA20356,16279068,YRI
NA20356,16279319,YRI
NA20356,16281148,YRI
NA20356,16281943,YRI
NA20356,16283300,YRI
NA20356,16285350,YRI
NA20356,16285954,YRI
NA20356,16286465,YRI
NA20356,16286468,YRI
NA20356,16287155,YRI
NA20356,16288075,YRI
NA20356,16288739,YRI
NA20356,16288742,YRI
NA20356,16289275,YRI
NA20356,16289673,YRI
NA20356,16290704,YRI
NA20356,16297012,YRI
NA20356,16297800,YRI
NA20356,16302297,YRI
NA20356,16302641,YRI
NA20356,16305466,YRI
NA20356,16305499,YRI
NA20356,16309704,HET
NA20356,16309752,HET
NA20356,16314967,HET
NA20356,16319620,HET
NA20356,16319835,HET
NA20356,16320336,HET
NA20356,16320341,HET
NA20356,16320344,HET
NA20356,16340551,HET
NA20356,16341116,HET
NA20356,16341494,HET
NA20356,16341685,HET
NA20356,16341826,HET
NA20356,16344345,HET
NA20356,16352391,CEU
NA20356,16352455,CEU
NA20356,16357433,CEU
NA20356,16357846,CEU
NA20356,16359545,CEU
NA20356,16360162,CEU
NA20356,16364923,CEU
NA20356,16365289,CEU
NA20356,16366264,CEU
NA20356,16366285,CEU
NA20356,16367079,CEU
NA20356,16367258,CEU
NA20356,16368614,CEU
NA20356,16369010,CEU
NA20356,16372719,CEU
NA20356,16373581,CEU
NA20356,16375761,CEU
NA20356,16384531,CEU
NA20356,16384557,CEU
NA20356,16388301,CEU
NA20356,16393311,CEU
NA20356,16393312,CEU
NA20356,16396276,CEU
NA20356,16399159,CEU
NA20356,16399162,CEU
NA20356,16399495,CEU
NA20356,16399595,CEU
NA20356,16400397,CEU
NA20356,16400487,CEU
NA20356,16402296,CEU
NA20356,16404002,CEU
NA20356,16404003,CEU
NA20356,16404838,CEU
NA20356,16407120,CEU
NA20356,16407329,CEU
NA20356,16409097,CEU
NA20356,16409312,CEU
NA20356,16409671,CEU
NA20356,16412969,CEU
NA20356,16413241,CEU
NA20356,16414678,CEU
NA20356,16414787,CEU
NA20356,16415662,CEU
NA20356,16415815,CEU
NA20356,16419618,CEU
NA20356,16423527,CEU
NA20356,16425814,CEU
NA20356,16428299,CEU
NA20356,16428507,CEU
NA20356,16429472,CEU
NA20356,16432905,HET
NA20356,16434935,HET
NA20356,16438164,HET
NA20356,16439926,HET
NA20356,16440561,HET
NA20356,16442964,HET
NA20356,16442974,HET
NA20356,16445153,HET
NA20356,16447985,HET
NA20356,16448899,HET
NA20356,16449050,HET
NA20356,16451245,HET
NA20356,16459587,HET
NA20356,16460869,HET
NA20356,16462467,HET
NA20356,16463039,HET
NA20356,16464422,HET
NA20356,16464716,HET
NA20356,16471042,HET
NA20356,16471151,HET
NA20356,16471461,HET
NA20356,16472000,HET
NA20356,16473813,HET
NA20356,16474550,HET
NA20356,16477171,HET
NA20356,16477393,HET
NA20356,16477443,HET
NA20356,16477881,HET
NA20356,16478236,HET
NA20356,16480424,HET
NA20356,16482550,HET
NA20356,16483979,HET
NA20356,16485091,HET
NA20356,16485891,HET
NA20356,16486018,HET
NA20356,16487825,HET
NA20356,16488637,HET
NA20356,16488814,HET
NA20356,16489239,HET
NA20356,16489705,HET
NA20356,16489959,HET
NA20356,16490252,HET
NA20356,16490618,HET
NA20356,16491206,HET
NA20356,16492204,HET
NA20356,16496595,HET
NA20356,16498387,HET
NA20356,16498643,HET
NA20356,16499220,HET
NA20356,16501803,HET
NA20356,16502808,HET
NA20356,16504399,HET
NA20356,16504491,HET
NA20356,16504500,HET
NA20356,16509047,HET
NA20356,16511719,HET
NA20356,16512007,HET
NA20356,16512519,HET
NA20356,16512564,HET
NA20356,16514160,HET
NA20356,16514951,HET
NA20356,16515973,HET
NA20356,16517477,HET
NA20356,16518157,HET
NA20356,16518451,HET
NA20356,16520268,HET
NA20356,16522386,HET
NA20356,16522817,HET
NA20356,16523730,HET
NA20356,16523848,HET
NA20356,16525590,HET
NA20356,16526383,HET
NA20356,16526485,HET
NA20356,16528060,HET
NA20356,16528441,HET
NA20356,16528995,HET
NA20356,16530228,HET
NA20356,16531941,HET
NA20356,16532046,HET
NA20356,16533604,HET
NA20356,16537357,HET
NA20356,16538427,HET
NA20356,16540702,HET
NA20356,16541963,HET
NA20356,16541972,HET
NA20356,16542224,HET
NA20356,16542692,HET
NA20356,16544863,HET
NA20356,16546581,HET
NA20356,16546880,HET
NA20356,16547278,HET
NA20356,16548755,HET
NA20356,16550811,HET
NA20356,16551355,HET
NA20356,16552793,HET
NA20356,16553221,HET
NA20356,16556883,HET
NA20356,16557172,HET
NA20356,16557757,HET
NA20356,16560103,HET
NA20356,16560113,HET
NA20356,16560118,HET
NA20356,16562954,HET
NA20356,16564036,HET
NA20356,16565478,HET
NA20356,16565610,HET
NA20356,16566779,HET
NA20356,16567449,HET
NA20356,16567802,HET
NA20356,16569712,HET
NA20356,16570734,HET
NA20356,16571243,HET
NA20356,16573733,HET
NA20356,16575221,HET
NA20356,16575576,HET
NA20356,16577075,HET
NA20356,16578265,HET
NA20356,16580254,HET
NA20356,16581158,HET
NA20356,16586715,HET
NA20356,16588095,HET
NA20356,16588968,HET
NA20356,16589430,HET
NA20356,16590351,HET
NA20356,16590657,HET
NA20356,16591627,HET
NA20356,16592721,HET
NA20356,16597156,HET
NA20356,16597928,HET
NA20356,16598482,HET
NA20356,16599136,HET
NA20356,16600763,HET
NA20356,16600783,HET
NA20356,16600923,HET
NA20356,16601556,HET
NA20356,16601574,HET
NA20356,16606329,HET
NA20356,16607993,HET
NA20356,16607994,HET
NA20356,16609466,HET
NA20356,16609600,HET
NA20356,16610844,HET
NA20356,16612141,HET
NA20356,16612757,HET
NA20356,16614145,HET
NA20356,16617627,HET
NA20356,16620667,HET
NA20356,16620701,HET
NA20356,16623273,HET
NA20356,16624210,HET
NA20356,16624702,HET
NA20356,16624726,HET
NA20356,16626327,HET
NA20356,16626474,HET
NA20356,16626992,HET
NA20356,16628321,HET
NA20356,16629378,HET
NA20356,16631921,HET
NA20356,16632403,HET
NA20356,16632632,HET
NA20356,16632893,HET
NA20356,16632974,HET
NA20356,16634706,HET
NA20356,16635569,HET
NA20356,16635765,HET
NA20356,16636057,HET
NA20356,16636560,HET
NA20356,16636563,HET
NA20356,16636637,HET
NA20356,16637483,HET
NA20356,16643385,HET
NA20356,16643454,HET
NA20356,16644797,HET
NA20356,16645294,HET
NA20356,16646091,HET
NA20356,16646656,HET
NA20356,16647426,HET
NA20356,16647946,HET
NA20356,16648273,HET
NA20356,16648278,HET
NA20356,16652333,HET
NA20356,16655918,HET
NA20356,16656792,HET
NA20356,16657810,HET
NA20356,16658046,HET
NA20356,16658056,HET
NA20356,16658105,HET
NA20356,16661566,HET
NA20356,16661725,HET
NA20356,16661781,HET
NA20356,16661786,HET
NA20356,16662049,HET
NA20356,16662219,HET
NA20356,16663648,HET
NA20356,16666750,HET
NA20356,16667546,HET
NA20356,16676255,HET
NA20356,16683487,HET
NA20356,16684239,HET
NA20356,16684358,HET
NA20356,16687386,HET
NA20356,16687476,HET
NA20356,16693184,HET
NA20356,16693423,HET
NA20356,16693647,HET
NA20356,16694137,HET
NA20356,16695829,HET
NA20356,16695882,HET
NA20356,16696307,HET
NA20356,16696590,HET
NA20356,16696591,HET
NA20356,16696637,HET
NA20356,16847963,HET
NA20356,16848015,HET
NA20356,16848165,HET
NA20356,16848337,HET
NA20356,16848470,HET
NA20356,16848493,HET
NA20356,16848520,HET
NA20356,16848573,HET
NA20356,16849030,HET
NA20356,16849105,HET
NA20356,16849535,HET
NA20356,16849573,HET
NA20356,16849681,HET
NA20356,16849725,HET
NA20356,16849843,HET
NA20356,16849871,HET
NA20356,16849933,HET
NA20356,16849941,HET
NA20356,16849971,HET
NA20356,16850089,HET
NA20356,16850115,HET
NA20356,16850164,HET
NA20356,16850281,HET
NA20356,16850297,HET
NA20356,16850437,HET
NA20356,16850463,HET
NA20356,16850671,HET
NA20356,16850676,HET
NA20356,16850744,HET
NA20356,16851053,HET
NA20356,16851079,HET
NA20356,16851081,HET
NA20356,16851088,HET
NA20356,16851108,HET
NA20356,16851125,HET
NA20356,16851141,HET
NA20356,16851225,HET
NA20356,16851356,HET
NA20356,16851489,HET
NA20356,16851640,HET
NA20356,16851673,HET
NA20356,16851796,HET
NA20356,16851822,HET
NA20356,16851899,HET
NA20356,16852303,HET
NA20356,16852312,HET
NA20356,16852652,HET
NA20356,16852667,HET
NA20356,16852683,HET
NA20356,16852820,HET
NA20356,16852835,HET
NA20356,16852914,HET
NA20356,16853019,HET
NA20356,16853055,HET
NA20356,16853071,HET
NA20356,16853122,HET
NA20356,16853178,HET
NA20356,16853218,HET
NA20356,16853231,HET
NA20356,16853232,HET
NA20356,16853399,HET
NA20356,16853425,HET
NA20356,16853625,HET
NA20356,16853948,HET
NA20356,16854064,HET
NA20356,16854330,HET
NA20356,16854396,HET
NA20356,16854435,HET
NA20356,16854448,HET
NA20356,16854565,HET
NA20356,16854617,HET
NA20356,16854643,HET
NA20356,16854652,HET
NA20356,16854792,HET
NA20356,16854831,HET
NA20356,16854859,HET
NA20356,16855160,HET
NA20356,16855274,HET
NA20356,16855350,HET
NA20356,16855366,HET
NA20356,16855476,HET
NA20356,16855563,HET
NA20356,16855618,HET
NA20356,16855677,HET
NA20356,16855731,HET
NA20356,16855764,HET
NA20356,16855904,HET
NA20356,16856181,HET
NA20356,16856188,HET
NA20356,16856465,HET
NA20356,16856544,HET
NA20356,16856609,HET
NA20356,16856672,HET
NA20356,16856803,HET
NA20356,16856809,HET
NA20356,16856878,HET
NA20356,16857015,HET
NA20356,16857035,HET
NA20356,16857041,HET
NA20356,16857140,HET
NA20356,16857165,HET
NA20356,16857414,HET
NA20356,16857418,HET
NA20356,16857422,HET
NA20356,16857510,HET
NA20356,16857943,HET
NA20356,16857983,HET
NA20356,16858076,HET
NA20356,16858191,HET
NA20356,16858218,HET
NA20356,16858219,HET
NA20356,16858253,HET
NA20356,16858364,HET
NA20356,16858472,HET
NA20356,16858684,HET
NA20356,16858723,HET
NA20356,16858843,HET
NA20356,16858863,HET
NA20356,16858968,HET
NA20356,16859182,HET
NA20356,16859254,HET
NA20356,16859301,HET
NA20356,16859311,HET
NA20356,16859587,HET
NA20356,16859704,HET
NA20356,16860036,HET
NA20356,16860066,HET
NA20356,16860139,HET
NA20356,16860228,HET
NA20356,16860257,HET
NA20356,16860258,HET
NA20356,16860336,HET
NA20356,16860360,HET
NA20356,16860413,HET
NA20356,16860442,HET
NA20356,16860496,HET
NA20356,16860617,HET
NA20356,16860752,HET
NA20356,16860767,HET
NA20356,16860813,HET
NA20356,16860967,HET
NA20356,16860985,HET
NA20356,16861056,HET
NA20356,16861182,HET
NA20356,16861246,HET
NA20356,16861293,HET
NA20356,16861450,HET
NA20356,16861577,HET
NA20356,16861592,HET
NA20356,16861595,HET
NA20356,16861599,HET
NA20356,16861648,HET
NA20356,16861786,HET
NA20356,16861919,HET
NA20356,16861975,HET
NA20356,16862057,HET
NA20356,16862213,HET
NA20356,16862223,HET
NA20356,16862226,HET
NA20356,16862282,HET
NA20356,16862335,HET
NA20356,16862531,HET
NA20356,16862729,HET
NA20356,16862889,HET
NA20356,16863070,HET
NA20356,16863378,HET
NA20356,16863454,HET
NA20356,16863815,HET
NA20356,16864090,HET
NA20356,16865028,HET
NA20356,16865032,HET
NA20356,16865450,HET
NA20356,16865510,HET
NA20356,16865596,HET
NA20356,16865803,HET
NA20356,16866339,HET
NA20356,16866749,HET
NA20356,16866894,HET
NA20356,16867061,HET
NA20356,16867414,HET
NA20356,16867451,HET
NA20356,16867535,HET
NA20356,16867625,HET
NA20356,16867938,HET
NA20356,16867958,HET
NA20356,16868142,HET
NA20356,16868143,HET
NA20356,16868195,HET
NA20356,16868364,HET
NA20356,16869223,HET
NA20356,16869511,HET
NA20356,16869617,HET
NA20356,16869694,HET
NA20356,16869959,HET
NA20356,16870055,HET
NA20356,16870108,HET
NA20356,16870162,HET
NA20356,16870214,HET
NA20356,16870251,HET
NA20356,16870381,HET
NA20356,16870393,HET
NA20356,16870425,HET
NA20356,16870561,HET
NA20356,16870764,HET
NA20356,16870890,HET
NA20356,16871080,HET
NA20356,16871133,HET
NA20356,16871137,HET
NA20356,16871318,HET
NA20356,16871440,HET
NA20356,16871463,HET
NA20356,16871709,HET
NA20356,16871863,HET
NA20356,16871885,HET
NA20356,16871903,HET
NA20356,16871951,HET
NA20356,16872281,HET
NA20356,16872643,HET
NA20356,16872891,HET
NA20356,16872904,HET
NA20356,16873122,HET
NA20356,16873140,HET
NA20356,16873226,HET
NA20356,16873251,HET
NA20356,16873461,HET
NA20356,16873715,HET
NA20356,16873867,HET
NA20356,16874667,HET
NA20356,16874715,HET
NA20356,16874741,HET
NA20356,16875195,HET
NA20356,16875538,HET
NA20356,16876216,HET
NA20356,16876253,HET
NA20356,16876292,HET
NA20356,16876305,HET
NA20356,16876566,HET
NA20356,16876585,HET
NA20356,16876681,HET
NA20356,16876715,HET
NA20356,16876839,HET
NA20356,16877230,HET
NA20356,16877315,HET
NA20356,16877799,HET
NA20356,16878039,HET
NA20356,16878326,HET
NA20356,16878365,HET
NA20356,16878423,HET
NA20356,16878882,HET
NA20356,16879056,HET
NA20356,16879151,HET
NA20356,16879530,HET
NA20356,16880072,HET
NA20356,16880098,HET
NA20356,16880230,HET
NA20356,16880437,HET
NA20356,16880730,HET
NA20356,16881071,HET
NA20356,16881679,HET
NA20356,16881807,HET
NA20356,16882123,HET
NA20356,16882354,HET
NA20356,16882357,HET
NA20356,16882991,HET
NA20356,16883615,HET
NA20356,16883930,HET
NA20356,16884494,HET
NA20356,16884830,HET
NA20356,16885946,HET
NA20356,16886254,HET
NA20356,16886255,HET
NA20356,16886873,HET
NA20356,16886974,HET
NA20356,16887279,HET
NA20356,16888212,HET
NA20356,16888300,HET
NA20356,16888577,HET
NA20356,16888637,HET
NA20356,16888900,HET
NA20356,16889414,HET
NA20356,16889828,HET
NA20356,16890125,HET
NA20356,16890296,HET
NA20356,16890718,HET
NA20356,16890804,HET
NA20356,16890816,HET
NA20356,16891989,HET
NA20356,16892613,HET
NA20356,16892858,HET
NA20356,16894090,HET
NA20356,16894196,HET
NA20356,16894264,HET
NA20356,16894392,HET
NA20356,16895246,HET
NA20356,16895382,HET
NA20356,16896468,HET
NA20356,16896762,HET
NA20356,16896895,HET
NA20356,16897621,HET
NA20356,16897762,HET
NA20356,16898281,HET
NA20356,16898290,HET
NA20356,16898389,HET
NA20356,16898935,HET
NA20356,16899626,HET
NA20356,16899636,HET
NA20356,16899663,HET
NA20356,16900134,HET
NA20356,16901048,HET
NA20356,16902425,HET
NA20356,16903413,HET
NA20356,16903536,HET
NA20356,16903845,HET
NA20356,16903921,HET
NA20356,16904056,HET
NA20356,16904979,HET
NA20356,16905526,HET
NA20356,16905630,HET
NA20356,16905757,HET
NA20356,16906273,HET
NA20356,16906282,HET
NA20356,16906466,HET
NA20356,16906517,HET
NA20356,16906790,HET
NA20356,16907486,HET
NA20356,16907946,HET
NA20356,16908145,HET
NA20356,16908214,HET
NA20356,16908441,HET
NA20356,16908514,HET
NA20356,16908526,HET
NA20356,16908689,HET
NA20356,16910205,HET
NA20356,16910503,HET
NA20356,16911053,HET
NA20356,16911828,HET
NA20356,16912530,HET
NA20356,16912792,HET
NA20356,16912915,HET
NA20356,16913308,HET
NA20356,16913399,HET
NA20356,16913536,HET
NA20356,16913788,HET
NA20356,16913831,HET
NA20356,16913843,HET
NA20356,16913858,HET
NA20356,16913973,HET
NA20356,16914208,HET
NA20356,16914628,HET
NA20356,16914738,HET
NA20356,16914941,HET
NA20356,16914962,HET
NA20356,16915215,HET
NA20356,16915280,HET
NA20356,16915428,HET
NA20356,16915596,HET
NA20356,16915616,HET
NA20356,16915705,HET
NA20356,16915998,HET
NA20356,16916571,HET
NA20356,16916698,HET
NA20356,16917028,HET
NA20356,16917857,HET
NA20356,16917903,HET
NA20356,16918023,HET
NA20356,16918335,HET
NA20356,16918406,HET
NA20356,16918469,HET
NA20356,16918867,YRI
NA20356,16918898,YRI
NA20356,16919536,YRI
NA20356,16919927,YRI
NA20356,16920269,YRI
NA20356,16920434,YRI
NA20356,16920668,YRI
NA20356,16920731,YRI
NA20356,16920958,YRI
NA20356,16923059,YRI
NA20356,16923356,YRI
NA20356,16923361,YRI
NA20356,16923693,YRI
NA20356,16923711,YRI
NA20356,16924803,YRI
NA20356,16925866,YRI
NA20356,16925870,YRI
NA20356,16925910,YRI
NA20356,16926009,YRI
NA20356,16926333,YRI
NA20356,16926896,YRI
NA20356,16927519,YRI
NA20356,16927705,YRI
NA20356,16928360,YRI
NA20356,16928476,YRI
NA20356,16930122,YRI
NA20356,16930184,YRI
NA20356,16930252,YRI
NA20356,16930573,YRI
NA20356,16930851,YRI
NA20356,16931869,YRI
NA20356,16931947,YRI
NA20356,16932130,YRI
NA20356,16932408,YRI
NA20356,16932410,YRI
NA20356,16932440,YRI
NA20356,16932517,YRI
NA20356,16932565,YRI
NA20356,16932678,YRI
NA20356,16933140,YRI
NA20356,16933929,YRI
NA20356,16933993,YRI
NA20356,16934374,YRI
NA20356,16934385,YRI
NA20356,16934613,YRI
NA20356,16934657,YRI
NA20356,16935084,YRI
NA20356,16935355,YRI
NA20356,16935528,YRI
NA20356,16935609,YRI
NA20356,16935663,YRI
NA20356,16936090,YRI
NA20356,16936369,YRI
NA20356,16936412,YRI
NA20356,16936451,YRI
NA20356,16936600,YRI
NA20356,16937123,YRI
NA20356,16937131,YRI
NA20356,16937715,YRI
NA20356,16938155,YRI
NA20356,16938183,YRI
NA20356,16938376,YRI
NA20356,16938961,YRI
NA20356,16939256,YRI
NA20356,16939604,YRI
NA20356,16939838,YRI
NA20356,16941186,YRI
NA20356,16941398,YRI
NA20356,16941709,YRI
NA20356,16942072,YRI
NA20356,16942673,YRI
NA20356,16942941,YRI
NA20356,16943612,YRI
NA20356,16944123,YRI
NA20356,16944686,YRI
NA20356,16944695,YRI
NA20356,16945045,YRI
NA20356,16945602,YRI
NA20356,16946586,YRI
NA20356,16946860,YRI
NA20356,16947183,YRI
NA20356,16947481,YRI
NA20356,16947544,YRI
NA20356,16948732,YRI
NA20356,16948810,YRI
NA20356,16948947,YRI
NA20356,16949797,YRI
NA20356,16950229,YRI
NA20356,16950364,YRI
NA20356,16950404,YRI
NA20356,16951509,YRI
NA20356,16951562,YRI
NA20356,16951599,YRI
NA20356,16951755,YRI
NA20356,16951942,YRI
NA20356,16951974,YRI
NA20356,16952978,YRI
NA20356,16953120,YRI
NA20356,16953560,YRI
NA20356,16953727,YRI
NA20356,16954191,YRI
NA20356,16955079,YRI
NA20356,16955480,YRI
NA20356,16955588,YRI
NA20356,16956141,YRI
NA20356,16956415,YRI
NA20356,16956560,YRI
NA20356,16956997,YRI
NA20356,16957017,YRI
NA20356,16957305,YRI
NA20356,16957339,YRI
NA20356,16957902,YRI
NA20356,16958009,YRI
NA20356,16958051,YRI
NA20356,16958277,YRI
NA20356,16958616,YRI
NA20356,16958950,YRI
NA20356,16959043,YRI
NA20356,16959362,YRI
NA20356,16959657,YRI
NA20356,16960113,YRI
NA20356,16960469,YRI
NA20356,16960574,YRI
NA20356,16960666,YRI
NA20356,16960799,YRI
NA20356,16961980,YRI
NA20356,16962044,YRI
NA20356,16962103,YRI
NA20356,16962868,YRI
NA20356,16963545,YRI
NA20356,16964028,YRI
NA20356,16964030,YRI
NA20356,16964032,YRI
NA20356,16964487,YRI
NA20356,16965224,YRI
NA20356,16965490,YRI
NA20356,16967698,YRI
NA20356,16972435,YRI
NA20356,16976051,YRI
NA20356,16976054,YRI
NA20356,16986934,YRI
NA20356,16987319,YRI
